Brand,Category,SKU,Product Line Class,
Logitech,Mobile Speakers,Logitech X100 Mobile Wireless Speaker (Grey),1,
Logitech,Mobile Speakers,Logitech X100 Mobile Wireless Speaker (Green),1,
Logitech,Mobile Speakers,Logitech X100 Mobile Wireless Speaker (Orange),1,
Logitech,Mobile Speakers,Logitech X100 Mobile Wireless Speaker (Red),1,
Logitech,Mobile Speakers,Logitech X100 Mobile Wireless Speaker (Yellow),1,
Logitech,Mobile Speakers,Logitech X300 Mobile Wireless Stereo Speaker (Copper Black),2,
Logitech,Mobile Speakers,Logitech X300 Mobile Wireless Stereo Speaker (Blue),2,
Logitech,Mobile Speakers,Logitech X300 Mobile Wireless Stereo Speaker (Red),2,
Logitech,Mobile Speakers,Logitech X300 Mobile Wireless Stereo Speaker (Purple),2,
Logitech,Mobile Speakers,Logitech UE 984-000298 Mobile Boombox Bluetooth Speaker and Speakerphone (Black Grill/Black),3,
Logitech,Mobile Speakers,Logitech UE 984-000294 Mobile Boombox Bluetooth Speaker and Speakerphone (Blue Grill/Light Grey),3,
Logitech,Mobile Speakers,Logitech UE 984-000295 Mobile Boombox Bluetooth Speaker and Speakerphone (Red Grill/Black),3,
Logitech,Mobile Speakers,Logitech UE 984-000296 Mobile Boombox Bluetooth Speaker and Speakerphone (White Grill/Light Grey),3,
Logitech,Mobile Speakers,Logitech UE 984-000297 Mobile Boombox Bluetooth Speaker and Speakerphone (Yellow Grill/Black),3,
Amazon,Mobile Speakers,Amazon Echo - Black,1,
Amazon,Mobile Speakers,Amazon Echo - White,1,
Amazon,Mobile Speakers,Amazon Tap - Alexa-Enabled Portable Bluetooth Speaker,2,
Amazon,Mobile Speakers,AmazonBasics Portable Bluetooth Speaker - Black,3,
Amazon,Mobile Speakers,AmazonBasics Portable Bluetooth Speaker - Blue,3,
Amazon,Mobile Speakers,AmazonBasics Portable Bluetooth Speaker - Red,3,
Amazon,Mobile Speakers,AmazonBasics Portable Bluetooth Speaker - White,3,
Amazon,Mobile Speakers,AmazonBasics Portable Bluetooth Speaker (Black) and 3.5mm Male to Male Stereo Audio Cable (2 Feet) Set,4,
Amazon,Mobile Speakers,AmazonBasics Portable Bluetooth Speaker (Blue) and 3.5mm Male to Male Stereo Audio Cable (2 Feet) Set,4,
Amazon,Mobile Speakers,AmazonBasics Portable Bluetooth Speaker (Red) and 3.5mm Male to Male Stereo Audio Cable (2 Feet) Set,4,
Amazon,Mobile Speakers,AmazonBasics Portable Bluetooth Speaker (White) and 3.5mm Male to Male Stereo Audio Cable (2 Feet) Set,4,
Amazon,Mobile Speakers,AmazonBasics Mini Bluetooth Speaker - Black,5,
Amazon,Mobile Speakers,AmazonBasics Mini Bluetooth Speaker - Blue,5,
Amazon,Mobile Speakers,AmazonBasics Mini Bluetooth Speaker - Purple,5,
Amazon,Mobile Speakers,AmazonBasics Mini Bluetooth Speaker - Red,5,
Amazon,Mobile Speakers,AmazonBasics Mini Bluetooth Speaker - Gray,5,
Amazon,Mobile Speakers,AmazonBasics Large Portable Bluetooth Speaker,6,
Amazon,Mobile Speakers,AmazonBasics Micro Bluetooth Speaker - Black,7,
Amazon,Mobile Speakers,AmazonBasics Micro Bluetooth Speaker - Blue,7,
Amazon,Mobile Speakers,AmazonBasics Micro Bluetooth Speaker - Red,7,
Amazon,Mobile Speakers,AmazonBasics Micro Bluetooth Speaker - White,7,
Amazon,Mobile Speakers,AmazonBasics Micro Bluetooth Speaker - Gray,7,
Bose,Mobile Speakers,Bose SoundLink Color Bluetooth Speaker (Black),1,
Bose,Mobile Speakers,Bose SoundLink Color Bluetooth Speaker (Blue),1,
Bose,Mobile Speakers,Bose SoundLink Color Bluetooth Speaker (Red),1,
Bose,Mobile Speakers,Bose SoundLink Color Bluetooth Speaker (Mint),1,
Bose,Mobile Speakers,Bose SoundLink Color Bluetooth Speaker (White),1,
Bose,Mobile Speakers,Bose SoundLink Color Bluetooth speaker II - Soft black,2,
Bose,Mobile Speakers,Bose SoundLink Color Bluetooth Speaker II - Aquatic Blue,2,
Bose,Mobile Speakers,Bose SoundLink Color Bluetooth Speaker II - Coral Red,2,
Bose,Mobile Speakers,Bose SoundLink Color Bluetooth Speaker II - Polar White,2,
Bose,Mobile Speakers,Bose SoundLink Mini Bluetooth Speaker II (Carbon),3,
Bose,Mobile Speakers,Bose SoundLink Mini Bluetooth Speaker II (Pearl),3,
Bose,Mobile Speakers,Bose SoundLink Bluetooth Mobile Speaker II - Limited Edition White Leather,4,
Bose,Mobile Speakers,Bose SoundLink Bluetooth Mobile Speaker II - Leather,4,
Bose,Mobile Speakers,Bose SoundLink Bluetooth Mobile Speaker II - Nylon ,4,
Bose,Mobile Speakers,Bose SoundLink Bluetooth Speaker III,5,
JBL,Mobile Speakers,JBL Flip 2 Portable Wireless Speaker (Black),1,
JBL,Mobile Speakers,JBL Flip 2 Portable Wireless Speaker (White),1,
JBL,Mobile Speakers,JBL Flip 2 Portable Wireless Speaker (Yellow),1,
JBL,Mobile Speakers,"JBL Flip 3 Splashproof Portable Bluetooth Speaker, Black",2,
JBL,Mobile Speakers,"JBL Flip 3 Splashproof Portable Bluetooth Speaker, Blue",2,
JBL,Mobile Speakers,"JBL Flip 3 Splashproof Portable Bluetooth Speaker, Gray",2,
JBL,Mobile Speakers,"JBL Flip 3 Splashproof Portable Bluetooth Speaker, Red",2,
JBL,Mobile Speakers,"JBL Flip 3 Splashproof Portable Bluetooth Speaker, Pink",2,
JBL,Mobile Speakers,"JBL Flip 3 Splashproof Portable Bluetooth Speaker, Teal",2,
JBL,Mobile Speakers,"JBL Flip 3 Splashproof Portable Bluetooth Speaker, Orange",2,
JBL,Mobile Speakers,JBL Charge 2+ Splashproof Portable Bluetooth Speaker (Black),3,
JBL,Mobile Speakers,JBL Charge 2+ Splashproof Portable Bluetooth Speaker (Blue),3,
JBL,Mobile Speakers,JBL Charge 2+ Splashproof Portable Bluetooth Speaker (Grey),3,
JBL,Mobile Speakers,JBL Charge 2+ Splashproof Portable Bluetooth Speaker (Teal),3,
JBL,Mobile Speakers,JBL Charge 2+ Splashproof Portable Bluetooth Speaker (Red),3,
JBL,Mobile Speakers,JBL Charge 2+ Splashproof Portable Bluetooth Speaker (Orange),3,
JBL,Mobile Speakers,JBL Charge 2+ Splashproof Portable Bluetooth Speaker (Yellow),3,
JBL,Mobile Speakers,JBL Charge 2+ Splashproof Portable Bluetooth Speaker (Pink),3,
JBL,Mobile Speakers,JBL Charge 3 Waterproof Portable Bluetooth Speaker (Black),4,
JBL,Mobile Speakers,JBL Charge 3 Waterproof Portable Bluetooth Speaker (Blue),4,
JBL,Mobile Speakers,JBL Charge 3 Waterproof Portable Bluetooth Speaker (Red),4,
JBL,Mobile Speakers,JBL Charge 3 Waterproof Portable Bluetooth Speaker (Gray),4,
JBL,Mobile Speakers,JBL Charge 3 Waterproof Portable Bluetooth Speaker (Teal),4,
JBL,Mobile Speakers,JBL Micro II Ultra-Portable Multimedia Speaker (Black) - Wired,5,
JBL,Mobile Speakers,JBL Micro II Ultra-Portable Multimedia Speaker (Orange),5,
JBL,Mobile Speakers,JBL Micro II Ultra-Portable Multimedia Speaker (White)-Wired,5,
JBL,Mobile Speakers,"JBL Micro Wireless Ultra-Portable Speaker, Black",6,
JBL,Mobile Speakers,JBL Micro Wireless Ultra-Portable Speaker with Wireless Bluetooth Connectivity (Pink),6,
JBL,Mobile Speakers,JBL Micro Wireless Ultra-Portable Speaker with Built-In Bass Port and Wireless Bluetooth Connectivity (Red),6,
JBL,Mobile Speakers,JBL Micro Wireless Ultra-Portable Speaker with Wireless Bluetooth Connectivity (White),6,
JBL,Mobile Speakers,JBL Clip Portable Bluetooth Speaker Black,7,
JBL,Mobile Speakers,JBL Clip Portable Bluetooth Speaker Blue,7,
JBL,Mobile Speakers,JBL Clip Portable Bluetooth Speaker Grey,7,
JBL,Mobile Speakers,JBL Clip Portable Bluetooth Speaker Purple,7,
JBL,Mobile Speakers,JBL Clip Portable Bluetooth Speaker Red,7,
JBL,Mobile Speakers,JBL Clip+ Splashproof Portable Bluetooth Speaker (Black),8,
JBL,Mobile Speakers,JBL Clip+ Splashproof Portable Bluetooth Speaker (Blue),8,
JBL,Mobile Speakers,JBL Clip+ Splashproof Portable Bluetooth Speaker (Orange),8,
JBL,Mobile Speakers,JBL Clip+ Splashproof Portable Bluetooth Speaker (Pink),8,
JBL,Mobile Speakers,JBL Clip+ Splashproof Portable Bluetooth Speaker (Red),8,
JBL,Mobile Speakers,JBL Clip+ Splashproof Portable Bluetooth Speaker (Yellow),8,
JBL,Mobile Speakers,JBL Clip+ Splashproof Portable Bluetooth Speaker (Gray),8,
JBL,Mobile Speakers,JBL Clip+ Splashproof Portable Bluetooth Speaker (Teal),8,
Ultimate Ears,Mobile Speakers,UE Boom 2 Wireless Mobile Bluetoth Speaker (Waterproof and Shockproof) Phantom,1,
Ultimate Ears,Mobile Speakers,UE Boom 2 Wireless Mobile Bluetoth Speaker (Waterproof and Shockproof) BrainFreeze,1,
Ultimate Ears,Mobile Speakers,UE Boom 2 Wireless Mobile Bluetoth Speaker (Waterproof and Shockproof) Green Machine,1,
Ultimate Ears,Mobile Speakers,UE Boom 2 Wireless Mobile Bluetoth Speaker (Waterproof and Shockproof) Cherrybomb,1,
Ultimate Ears,Mobile Speakers,UE Boom 2 Wireless Mobile Bluetoth Speaker (Waterproof and Shockproof) Tropical,1,
Ultimate Ears,Mobile Speakers,UE Boom 2 Wireless Mobile Bluetoth Speaker (Waterproof and Shockproof) Yeti,1,
Ultimate Ears,Mobile Speakers,UE Megaboom Wireless Mobile Bluetooth Speaker (Waterproof and Shockproof) Charcoal Black,2,
Ultimate Ears,Mobile Speakers,UE Megaboom Wireless Mobile Bluetooth Speaker (Waterproof and Shockproof) Plum,2,
Ultimate Ears,Mobile Speakers, UE Megaboom Wireless Mobile Bluetooth Speaker (Waterproof and Shockproof) Lava Red,2,
Ultimate Ears,Mobile Speakers,UE Megaboom Wireless Mobile Bluetooth Speaker (Waterproof and Shockproof) Electric Blue,2,
Ultimate Ears,Mobile Speakers,UE ROLL 2 Wireless Portable Bluetooth Speaker (Waterproof) Volcano,3,
Ultimate Ears,Mobile Speakers,UE ROLL 2 Wireless Portable Bluetooth Speaker (Waterproof) Sugarplum,3,
Ultimate Ears,Mobile Speakers,UE ROLL 2 Wireless Portable Bluetooth Speaker (Waterproof) Reef,3,
Ultimate Ears,Mobile Speakers,UE ROLL 2 Wireless Portable Bluetooth Speaker (Waterproof) Atmosphere,3,
Logitech,Pointing Devices,Logitech - M325c Wireless Mouse - Lemon,1,
Logitech,Pointing Devices,Logitech - M325c Wireless Mouse - Blue Harlequin,1,
Logitech,Pointing Devices,Logitech - M325c Wireless Mouse - Blue Zigzag,1,
Logitech,Pointing Devices,Logitech - M325c Wireless Mouse - Francesca Fox,1,
Logitech,Pointing Devices,Logitech - M325c Wireless Mouse - Owl,1,
Logitech,Pointing Devices,Logitech - M325c Wireless Mouse - Playing Blocks,1,
Logitech,Pointing Devices,Logitech - M325c Wireless Mouse - Purple,1,
Logitech,Pointing Devices,Logitech - M325c Wireless Mouse - Purple Zigzag,1,
Logitech,Pointing Devices,Logitech - M325c Wireless Mouse - Red Harlequin,1,
Logitech,Pointing Devices,Logitech - M325c Wireless Mouse - Red Zigzag,1,
Logitech,Pointing Devices,Logitech - M325c Wireless Mouse - Teal Chevron,1,
Logitech,Pointing Devices,Logitech - M325c Wireless Mouse - Teal Zigzag,1,
Logitech,Pointing Devices,Logitech - M325c Wireless Mouse - Red/Blue/White,1,
Logitech,Pointing Devices,Logitech Wireless Mouse M325 with Designed-For-Web Scrolling - Brilliant Rose,2,
Logitech,Pointing Devices,Logitech Wireless Mouse M325 with Designed-For-Web Scrolling - Fusion Party,2,
Logitech,Pointing Devices,Logitech Wireless Mouse M325 with Designed-For-Web Scrolling - Into The Deep,2,
Logitech,Pointing Devices,Logitech Wireless Mouse M325 with Designed-For-Web Scrolling - Light Silver,2,
Logitech,Pointing Devices,Logitech Wireless Mouse M325 with Designed-For-Web Scrolling - Metallic Gray,2,
Logitech,Pointing Devices,Logitech Wireless Mouse M325 with Designed-For-Web Scrolling - Purple Green,2,
Logitech,Pointing Devices,Logitech Wireless Mouse M325 with Designed-For-Web Scrolling - Purple/Pink,2,
Logitech,Pointing Devices,Logitech Wireless Mouse M325 with Designed-For-Web Scrolling - Red,2,
Logitech,Pointing Devices,Logitech Wireless Mouse M325 with Designed-For-Web Scrolling - Spontaneous Pink,2,
Logitech,Pointing Devices,Logitech Wireless Mouse M325 with Designed-For-Web Scrolling - Tweet Tweet,2,
Logitech,Pointing Devices,Logitech Wireless Mouse M325 with Designed-For-Web Scrolling - Vivid Violet,2,
Logitech,Pointing Devices,Logitech Wireless Mouse M325 with Designed-For-Web Scrolling - Flamingo,2,
Logitech,Pointing Devices,Logitech Wireless Mouse M335 - Blue,3,
Logitech,Pointing Devices,Logitech Wireless Mouse M335 - Black,3,
Logitech,Tablet Keyboard,"Logitech BLOK Protective Keyboard Case for iPad Air 2, Teal/Blue",1,
Logitech,Tablet Keyboard,"Logitech BLOK Protective Keyboard Case for iPad Air 2, Black",1,
Logitech,Tablet Keyboard,"Logitech BLOK Protective Keyboard Case for iPad Air 2, Red/Violet",1,
Logitech,Tablet Keyboard,"Logitech BLOK Protective Case for iPad Air 2, Teal/Blue",2,
Logitech,Tablet Keyboard,"Logitech BLOK Protective Case for iPad Air 2, Black",2,
Logitech,Tablet Keyboard,"Logitech BLOK Protective Case for iPad Air 2, Red/Violet",2,
Logitech,Tablet Keyboard,"Logitech BLOK Protective Case for iPad Air 2, Black",2,
Logitech,Tablet Keyboard,"Logitech BLOK Protective Case for iPad Air 2, Teal/Blue",2,
Logitech,Tablet Keyboard,"Logitech BLOK Protective Shell for iPad Mini 2 & 3, Black",3,
Logitech,Tablet Keyboard,"Logitech BLOK Protective Shell for iPad Mini 2 & 3, Teal/Blue",3,
Logitech,Tablet Keyboard,"Logitech CREATE Backlit Keyboard Case with Smart Connector for iPad Pro 9.7'', Black",4,
Logitech,Tablet Keyboard,"Logitech CREATE Backlit Keyboard Case with Smart Connector for iPad Pro 9.7'', Grey",4,
Logitech,Tablet Keyboard,"Logitech CREATE Backlit Keyboard Case with Smart Connector for iPad Pro 9.7'', Red",4,
Logitech,Tablet Keyboard,"Logitech Type+ Protective Case with Integrated Keyboard for iPad Air 2, Black - Smooth Surface",5,
Logitech,Tablet Keyboard,"Logitech Type+ Protective Case with Integrated Keyboard for iPad Air 2, Dark Blue - Smooth Surface",5,
Logitech,Tablet Keyboard,"Logitech Type-S Keyboard Case for Samsung Galaxy Tab A 9.7, Black",6,
Logitech,Tablet Keyboard,"Logitech Type-S Keyboard Case for Samsung Galaxy Tab A 9.7, Violet",6,
Logitech,Tablet Keyboard,"Logitech Ultrathin Keyboard Folio for iPad Air, Mars Red Orange",7,
Logitech,Tablet Keyboard,"Logitech Ultrathin Keyboard Folio for iPad Air, Carbon Black",7,
Logitech,Tablet Keyboard,"Logitech Ultrathin Keyboard Folio for iPad mini 3/ mini 2/ mini, Carbon Black",8,
Logitech,Tablet Keyboard,"Logitech Ultrathin Keyboard Folio for iPad mini 3/ mini 2/ mini, Veil Grey",8,
ZAGG,Tablet Keyboard,"ZAGG Folio Case, Hinged with Bluetooth Keyboard for Android Tablets (7-inch) - Black",1,
ZAGG,Tablet Keyboard,"ZAGG Folio Case, Hinged with Bluetooth Keyboard for Android Tablets (8-inch) - Black",1,
ZAGG,Tablet Keyboard,"ZAGG Folio Case, Hinged with Bluetooth Keyboard for Android Tablets (10-inch) - Black",1,
ZAGG,Tablet Keyboard,ZAGG Folio Case Hinged with Backlit Bluetooth Keyboard for iPad Air 2 - Black,2,
ZAGG,Tablet Keyboard,ZAGG Folio Case Hinged with Backlit Bluetooth Keyboard for iPad Air 2 - Blue,2,
ZAGG,Tablet Keyboard,ZAGG Folio Case Hinged with Backlit Bluetooth Keyboard for iPad Air 2 - Red,2,
ZAGG,Tablet Keyboard,ZAGG Folio Case Hinged with Backlit Bluetooth Keyboard for iPad Air 2 - White,2,
ZAGG,Tablet Keyboard,ZAGG Folio Case Hinged with Backlit Bluetooth Keyboard for iPad Air 2 - Crimson,2,
ZAGG,Tablet Keyboard,ZAGG Folio Case Hinged with Backlit Bluetooth Keyboard for iPad Air 2 - Orchid,2,
ZAGG,Tablet Keyboard,ZAGG Folio Case Hinged with Backlit Bluetooth Keyboard for iPad Air 2 - Sage,2,
ZAGG,Tablet Keyboard,ZAGG Folio Case Hinged with Backlit Bluetooth Keyboard for iPad Pro 9.7 - Black,3,
ZAGG,Tablet Keyboard,ZAGG Folio Case Hinged with Backlit Bluetooth Keyboard for iPad Pro 9.7 - Blue,3,
ZAGG,Tablet Keyboard,ZAGG Folio Case Hinged with Backlit Bluetooth Keyboard for iPad Pro 9.7 - Red,3,
ZAGG,Tablet Keyboard,ZAGG Folio Case Hinged with Backlit Bluetooth Keyboard for iPad Pro 9.7 - White,3,
ZAGG,Tablet Keyboard,ZAGG Folio Case Hinged with Backlit Bluetooth Keyboard for iPad Pro 9.7 - Crimson,3,
ZAGG,Tablet Keyboard,ZAGG Folio Case Hinged with Backlit Bluetooth Keyboard for iPad Pro 9.7 - Orchid,3,
ZAGG,Tablet Keyboard,ZAGG Folio Case Hinged with Backlit Bluetooth Keyboard for iPad Pro 9.7 - Sage,3,
ZAGG,Tablet Keyboard,ZAGG Folio Case Hinged with Backlit Bluetooth Keyboard for iPad mini 4 - Black,4,
ZAGG,Tablet Keyboard,ZAGG Folio Case Hinged with Backlit Bluetooth Keyboard for iPad mini 4 - Blue,4,
ZAGG,Tablet Keyboard,ZAGG Folio Case Hinged with Backlit Bluetooth Keyboard for iPad mini 4 - Red,4,
ZAGG,Tablet Keyboard,ZAGG Folio Case Hinged with Backlit Bluetooth Keyboard for iPad mini 4 - White,4,
ZAGG,Tablet Keyboard,ZAGG Folio Case Hinged with Backlit Bluetooth Keyboard for iPad mini 4 - Crimson,4,
ZAGG,Tablet Keyboard,ZAGG Folio Case Hinged with Backlit Bluetooth Keyboard for iPad mini 4 - Orchid,4,
ZAGG,Tablet Keyboard,ZAGG Folio Case Hinged with Backlit Bluetooth Keyboard for iPad mini 4 - Sage,4,
ZAGG,Tablet Keyboard,ZAGG Folio Case Hinged with Backlit Bluetooth Keyboard for iPad Air - Black,5,
ZAGG,Tablet Keyboard,ZAGG Folio Case Hinged with Backlit Bluetooth Keyboard for iPad Air - Blue,5,
ZAGG,Tablet Keyboard,ZAGG Folio Case Hinged with Backlit Bluetooth Keyboard for iPad Air - Red,5,
ZAGG,Tablet Keyboard,ZAGG Folio Case Hinged with Backlit Bluetooth Keyboard for iPad Air - White,5,
ZAGG,Tablet Keyboard,ZAGG Folio Case Hinged with Backlit Bluetooth Keyboard for iPad Air - Crimson,5,
ZAGG,Tablet Keyboard,ZAGG Folio Case Hinged with Backlit Bluetooth Keyboard for iPad Air - Orchid,5,
ZAGG,Tablet Keyboard,ZAGG Folio Case Hinged with Backlit Bluetooth Keyboard for iPad Air - Sage,5,
ZAGG,Tablet Keyboard,ZAGG Folio Case with Backlit Bluetooth Keyboard for iPad Air - Black,6,
ZAGG,Tablet Keyboard,ZAGG Folio Case with Backlit Bluetooth Keyboard for iPad Air - White,6,
Microsoft,Tablet Keyboard,"Microsoft Surface 2 32GB 10.6"" Tablet Windows RT 8.1 with Microsoft Touch Keyboard - Pink (Certified Refurbished)",1,
Microsoft,Tablet Keyboard,"Microsoft Surface 2 32GB 10.6"" Tablet Windows RT 8.1 with Microsoft Touch Keyboard - White (Certified Refurbished)",1,
Microsoft,Tablet Keyboard,"Microsoft Surface 2 32GB 10.6"" Tablet Windows RT 8.1 with Microsoft Touch Keyboard - Blue (Certified Refurbished)",1,
Microsoft,Tablet Keyboard,"Microsoft Surface 2 32GB 10.6"" Tablet Windows RT 8.1 with Microsoft Touch Keyboard - Red (Certified Refurbished)",1,
Microsoft,Tablet Keyboard,"Microsoft Surface 2 64GB 10.6"" Tablet Windows RT 8.1 with Microsoft Touch Keyboard - Pink (Certified Refurbished)",2,
Microsoft,Tablet Keyboard,"Microsoft Surface 2 64GB 10.6"" Tablet Windows RT 8.1 with Microsoft Touch Keyboard - Blue (Certified Refurbished)",2,
Microsoft,Tablet Keyboard,"Microsoft Surface 2 64GB 10.6"" Tablet Windows RT 8.1 with Microsoft Touch Keyboard - Blue (Certified Refurbished)",2,
Microsoft,Tablet Keyboard,"Microsoft Surface 2 64GB 10.6"" Tablet Windows RT 8.1 with Microsoft Touch Keyboard - Black (Certified Refurbished)",2,
NuVur,Smartphone Case,"NuVur All in One Universal Wallet Clutch Smartphone Case Fits Oppo Mirror 5s , N1 mini|Black/Blue",1,
NuVur,Smartphone Case,"NuVur All in One Universal Wallet Clutch Smartphone Case Fits Oppo Mirror 5s , N1 mini|Black/Green",1,
NuVur,Smartphone Case,"NuVur All in One Universal Wallet Clutch Smartphone Case Fits Oppo Mirror 5s , N1 mini|Black/Red",1,
NuVur,Smartphone Case,"NuVur All in One Universal Wallet Clutch Smartphone Case Fits Oppo Mirror 5s , N1 mini|Blue/Black",1,
NuVur,Smartphone Case,"NuVur All in One Universal Wallet Clutch Smartphone Case Fits Oppo Mirror 5s , N1 mini|Green",1,
NuVur,Smartphone Case,"NuVur All in One Universal Wallet Clutch Smartphone Case Fits Oppo Mirror 5s , N1 mini|Grey/Black",1,
NuVur,Smartphone Case,"NuVur All in One Universal Wallet Clutch Smartphone Case Fits Oppo Mirror 5s , N1 mini|Beige/Blue",1,
NuVur,Smartphone Case,"NuVur All in One Universal Wallet Clutch Smartphone Case Fits Oppo Mirror 5s , N1 mini|Black/Orange",1,
NuVur,Smartphone Case,"NuVur All in One Universal Wallet Clutch Smartphone Case Fits Oppo Mirror 5s , N1 mini|Black/Purple",1,
NuVur,Smartphone Case,"NuVur All in One Universal Wallet Clutch Smartphone Case Fits Oppo Mirror 5s , N1 mini|Coral/Mint",1,
NuVur,Smartphone Case,"NuVur All in One Universal Wallet Clutch Smartphone Case Fits Oppo Mirror 5s , N1 mini|Mint/Pink",1,
NuVur,Smartphone Case,"NuVur All in One Universal Wallet Clutch Smartphone Case Fits Oppo Mirror 5s , N1 mini|Pink/Yellow",1,
NuVur,Smartphone Case,"NuVur All in One Universal Wallet Clutch Smartphone Case Fits Oppo Mirror 5s , N1 mini|Purple/Black",1,
NuVur,Smartphone Case,"NuVur All in One Universal Wallet Clutch Smartphone Case Fits Oppo Mirror 5s , N1 mini|Tan/Beige",1,
NuVur,Smartphone Case,NuVur Universal Wallet Clutch Wrislet ::Smartphone:: Case Fits Motorola Moto E Dual SIM (2nd gen)|Fuchsia,2,
NuVur,Smartphone Case,NuVur Universal Wallet Clutch Wrislet ::Smartphone:: Case Fits Motorola Moto E Dual SIM (2nd gen)|Purple,2,
NuVur,Smartphone Case,NuVur Universal Wallet Clutch Wrislet ::Smartphone:: Case Fits Motorola Moto E Dual SIM (2nd gen)|Black,2,
NuVur,Smartphone Case,NuVur Universal Wallet Clutch Wrislet ::Smartphone:: Case Fits Motorola Moto E Dual SIM (2nd gen)|Red,2,
NuVur,Smartphone Case,NuVur Universal Wallet Clutch Wrislet ::Smartphone:: Case Fits Motorola Moto E Dual SIM (2nd gen)|Baby-Blue,2,
NuVur,Smartphone Case,"NuVur All in One Universal Wallet Clutch Smartphone Case Fits Blu D560a Studio 5.0 S Dual, D560i, D570a, D570i, Energy X Plus, Win HD LTE|Mint/Pink",3,
NuVur,Smartphone Case,"NuVur All in One Universal Wallet Clutch Smartphone Case Fits Blu D560a Studio 5.0 S Dual, D560i, D570a, D570i, Energy X Plus, Win HD LTE|Black/Blue",3,
NuVur,Smartphone Case,"NuVur All in One Universal Wallet Clutch Smartphone Case Fits Blu D560a Studio 5.0 S Dual, D560i, D570a, D570i, Energy X Plus, Win HD LTE|Black/Green",3,
NuVur,Smartphone Case,"NuVur All in One Universal Wallet Clutch Smartphone Case Fits Blu D560a Studio 5.0 S Dual, D560i, D570a, D570i, Energy X Plus, Win HD LTE|Black/Red",3,
NuVur,Smartphone Case,"NuVur All in One Universal Wallet Clutch Smartphone Case Fits Blu D560a Studio 5.0 S Dual, D560i, D570a, D570i, Energy X Plus, Win HD LTE|Blue/Black",3,
NuVur,Smartphone Case,"NuVur All in One Universal Wallet Clutch Smartphone Case Fits Blu D560a Studio 5.0 S Dual, D560i, D570a, D570i, Energy X Plus, Win HD LTE|Green",3,
NuVur,Smartphone Case,"NuVur All in One Universal Wallet Clutch Smartphone Case Fits Blu D560a Studio 5.0 S Dual, D560i, D570a, D570i, Energy X Plus, Win HD LTE|Grey/Black",3,
NuVur,Smartphone Case,"NuVur All in One Universal Wallet Clutch Smartphone Case Fits Blu D560a Studio 5.0 S Dual, D560i, D570a, D570i, Energy X Plus, Win HD LTE|Beige/Blue",3,
NuVur,Smartphone Case,"NuVur All in One Universal Wallet Clutch Smartphone Case Fits Blu D560a Studio 5.0 S Dual, D560i, D570a, D570i, Energy X Plus, Win HD LTE|Black/Orange",3,
NuVur,Smartphone Case,"NuVur All in One Universal Wallet Clutch Smartphone Case Fits Blu D560a Studio 5.0 S Dual, D560i, D570a, D570i, Energy X Plus, Win HD LTE|Black/Purple",3,
NuVur,Smartphone Case,"NuVur All in One Universal Wallet Clutch Smartphone Case Fits Blu D560a Studio 5.0 S Dual, D560i, D570a, D570i, Energy X Plus, Win HD LTE|Coral/Mint",3,
NuVur,Smartphone Case,"NuVur All in One Universal Wallet Clutch Smartphone Case Fits Blu D560a Studio 5.0 S Dual, D560i, D570a, D570i, Energy X Plus, Win HD LTE|Mint/Pink",3,
NuVur,Smartphone Case,"NuVur All in One Universal Wallet Clutch Smartphone Case Fits Blu D560a Studio 5.0 S Dual, D560i, D570a, D570i, Energy X Plus, Win HD LTE|Pink/Yellow",3,
NuVur,Smartphone Case,"NuVur All in One Universal Wallet Clutch Smartphone Case Fits Blu D560a Studio 5.0 S Dual, D560i, D570a, D570i, Energy X Plus, Win HD LTE|Purple/Black",3,
NuVur,Smartphone Case,"NuVur All in One Universal Wallet Clutch Smartphone Case Fits Blu D560a Studio 5.0 S Dual, D560i, D570a, D570i, Energy X Plus, Win HD LTE|Tan/Beige",3,
Caseology,Smartphone Case,"iPhone 7 Case, Caseology [Parallax Series] Modern Slim Geometric Design [Burgundy] [Textured Grip] for Apple iPhone 7 (2016)",1,
Caseology,Smartphone Case,"iPhone 7 Case, Caseology [Parallax Series] Modern Slim Geometric Design [Black / Deep Blue] [Textured Grip] for Apple iPhone 7 (2016)",1,
Caseology,Smartphone Case,"iPhone 7 Case, Caseology [Parallax Series] Modern Slim Geometric Design [Coral Pink] [Textured Grip] for Apple iPhone 7 (2016)",1,
Caseology,Smartphone Case,"iPhone 7 Case, Caseology [Parallax Series] Modern Slim Geometric Design [Matte Black] [Textured Grip] for Apple iPhone 7 (2016)",1,
Caseology,Smartphone Case,"iPhone 7 Case, Caseology [Parallax Series] Modern Slim Geometric Design [Mint Green] [Textured Grip] for Apple iPhone 7 (2016)",1,
Caseology,Smartphone Case,"iPhone 7 Case, Caseology [Parallax Series] Modern Slim Geometric Design [Navy Blue] [Textured Grip] for Apple iPhone 7 (2016)",1,
Caseology,Smartphone Case,"iPhone 7 Plus Case, Caseology [Parallax Series] Modern Slim Geometric Design [Burgundy] [Textured Grip] for Apple iPhone 7 Plus (2016)",2,
Caseology,Smartphone Case,"iPhone 7 Plus Case, Caseology [Parallax Series] Modern Slim Geometric Design [Black / Deep Blue] [Textured Grip] for Apple iPhone 7 Plus (2016)",2,
Caseology,Smartphone Case,"iPhone 7 Plus Case, Caseology [Parallax Series] Modern Slim Geometric Design [Coral Pink] [Textured Grip] for Apple iPhone 7 Plus (2016)",2,
Caseology,Smartphone Case,"iPhone 7 Plus Case, Caseology [Parallax Series] Modern Slim Geometric Design [Matte Black] [Textured Grip] for Apple iPhone 7 Plus (2016)",2,
Caseology,Smartphone Case,"iPhone 7 Plus Case, Caseology [Parallax Series] Modern Slim Geometric Design [Mint Green] [Textured Grip] for Apple iPhone 7 Plus (2016)",2,
Caseology,Smartphone Case,"iPhone 7 Plus Case, Caseology [Parallax Series] Modern Slim Geometric Design [Navy Blue] [Textured Grip] for Apple iPhone 7 Plus (2016)",2,
Caseology,Smartphone Case,"iPhone 6S Case, Caseology [Parallax Series] [Wavelength DIA] Textured Pattern Grip Case [Burgundy] [Shock Proof] for Apple iPhone 6S (2015) - Burgundy",3,
Caseology,Smartphone Case,"iPhone 6S Case, Caseology [Parallax Series] [Wavelength DIA] Textured Pattern Grip Case [Black / Black] [Shock Proof] for Apple iPhone 6S (2015) - Black / Black",3,
Caseology,Smartphone Case,"iPhone 6S Case, Caseology [Parallax Series] [Wavelength DIA] Textured Pattern Grip Case [Black / Gold] [Shock Proof] for Apple iPhone 6S (2015) - Black / Gold",3,
Caseology,Smartphone Case,"iPhone 6S Case, Caseology [Parallax Series] [Wavelength DIA] Textured Pattern Grip Case [Coral Pink] [Shock Proof] for Apple iPhone 6S (2015) - Coral Pink",3,
Caseology,Smartphone Case,"iPhone 6S Case, Caseology [Parallax Series] [Wavelength DIA] Textured Pattern Grip Case [Mint Green] [Shock Proof] for Apple iPhone 6S (2015) - Mint Green",3,
Caseology,Smartphone Case,"iPhone 6S Case, Caseology [Parallax Series] [Wavelength DIA] Textured Pattern Grip Case [Navy Blue] [Shock Proof] for Apple iPhone 6S (2015) - Navy Blue",3,
Caseology,Smartphone Case,"iPhone 7 Case, Caseology [Skyfall Series] Transparent Clear Enhanced Grip [Rose Gold] [Slim Cushion] for Apple iPhone 7 (2016)",4,
Caseology,Smartphone Case,"iPhone 7 Case, Caseology [Skyfall Series] Transparent Clear Enhanced Grip [Gold] [Slim Cushion] for Apple iPhone 7 (2016)",4,
Caseology,Smartphone Case,"iPhone 7 Case, Caseology [Skyfall Series] Transparent Clear Enhanced Grip [Jet Black] [Slim Cushion] for Apple iPhone 7 (2016)",4,
Caseology,Smartphone Case,"iPhone 7 Case, Caseology [Skyfall Series] Transparent Clear Enhanced Grip [Silver] [Slim Cushion] for Apple iPhone 7 (2016)",4,
Caseology,Smartphone Case,"iPhone 7 Case, Caseology [Skyfall Series] Transparent Clear Enhanced Grip [Deep Blue] [Slim Cushion] for Apple iPhone 7 (2016)",4,
Caseology,Smartphone Case,"iPhone 7 Case, Caseology [Skyfall Series] Transparent Clear Enhanced Grip [Matte Black] [Slim Cushion] for Apple iPhone 7 (2016)",4,
Caseology,Smartphone Case,"iPhone 7 Plus Case, Caseology [Skyfall Series] Transparent Clear Enhanced Grip [Rose Gold] [Slim Cushion] for Apple iPhone 7 Plus (2016)",5,
Caseology,Smartphone Case,"iPhone 7 Plus Case, Caseology [Skyfall Series] Transparent Clear Enhanced Grip [Gold] [Slim Cushion] for Apple iPhone 7 Plus (2016)",5,
Caseology,Smartphone Case,"iPhone 7 Plus Case, Caseology [Skyfall Series] Transparent Clear Enhanced Grip [Jet Black] [Slim Cushion] for Apple iPhone 7 Plus (2016)",5,
Caseology,Smartphone Case,"iPhone 7 Plus Case, Caseology [Skyfall Series] Transparent Clear Enhanced Grip [Silver] [Slim Cushion] for Apple iPhone 7 Plus (2016)",5,
Caseology,Smartphone Case,"iPhone 7 Plus Case, Caseology [Skyfall Series] Transparent Clear Enhanced Grip [Deep Blue] [Slim Cushion] for Apple iPhone 7 Plus (2016)",5,
Caseology,Smartphone Case,"iPhone 7 Plus Case, Caseology [Skyfall Series] Transparent Clear Enhanced Grip [Matte Black] [Slim Cushion] for Apple iPhone 7 Plus (2016)",5,
Caseology,Smartphone Case,"iPhone 6S Plus Case, Caseology [Skyfall Series] Transparent Clear Enhanced Grip [Gold] [Slim Cushion] for Apple iPhone 6S Plus & iPhone 6 Plus",6,
Caseology,Smartphone Case,"iPhone 6S Plus Case, Caseology [Skyfall Series] Transparent Clear Enhanced Grip [Silver] [Slim Cushion] for Apple iPhone 6S Plus & iPhone 6 Plus",6,
Caseology,Smartphone Case,"iPhone 6S Plus Case, Caseology [Skyfall Series] Scratch-Resistant Clear Back Cover [Black] [Shock Absorbent] for Apple iPhone 6S Plus (2015) & iPhone 6 Plus (2014) - Black",6,
Caseology,Smartphone Case,"iPhone 6S Plus Case, Caseology [Skyfall Series] Transparent Clear Enhanced Grip [Rose Gold] [Slim Cushion] for Apple iPhone 6S Plus & iPhone 6 Plus",6,
Caseology,Smartphone Case,"iPhone 7 Case, Caseology [Wavelength Series] Slim Ergonomic Ripple Design [Burgundy] [Modern Grip] for Apple iPhone 7 (2016)",7,
Caseology,Smartphone Case,"iPhone 7 Case, Caseology [Wavelength Series] Slim Ergonomic Ripple Design [Black / Deep Blue] [Modern Grip] for Apple iPhone 7 (2016)",7,
Caseology,Smartphone Case,"iPhone 7 Case, Caseology [Wavelength Series] Slim Ergonomic Ripple Design [Black / Gold] [Modern Grip] for Apple iPhone 7 (2016)",7,
Caseology,Smartphone Case,"iPhone 7 Case, Caseology [Wavelength Series] Slim Ergonomic Ripple Design [Coral Pink] [Modern Grip] for Apple iPhone 7 (2016)",7,
Caseology,Smartphone Case,"iPhone 7 Case, Caseology [Wavelength Series] Slim Ergonomic Ripple Design [Matte Black] [Modern Grip] for Apple iPhone 7 (2016)",7,
Caseology,Smartphone Case,"iPhone 7 Case, Caseology [Wavelength Series] Slim Ergonomic Ripple Design [Mint Green] [Modern Grip] for Apple iPhone 7 (2016)",7,
Caseology,Smartphone Case,"iPhone 7 Case, Caseology [Wavelength Series] Slim Ergonomic Ripple Design [Navy Blue] [Modern Grip] for Apple iPhone 7 (2016)",7,
Caseology,Smartphone Case,"iPhone 6S Plus Case, Caseology [Wavelength Series] Textured Pattern Grip Cover [Navy Blue] [Shock Proof] for Apple iPhone 6S Plus (2015) & iPhone 6 Plus (2014) - Navy Blue",8,
Caseology,Smartphone Case,"iPhone 6S Plus Case, Caseology [Wavelength Series] Slim Ergonomic Ripple Design [Black / Black] [Modern Grip] for Apple iPhone 6S Plus & iPhone 6 Plus",8,
Caseology,Smartphone Case,"iPhone 6S Plus Case, Caseology [Wavelength Series] Slim Ergonomic Ripple Design [Pink] [Modern Grip] for Apple iPhone 6S Plus & iPhone 6 Plus",8,
Caseology,Smartphone Case,"iPhone 6S Plus Case, Caseology [Wavelength Series] Slim Ergonomic Ripple Design [Mint Green] [Modern Grip] for Apple iPhone 6S Plus & iPhone 6 Plus",8,
SHIELDON,Smartphone Case,"iPhone 7 Plus Case, SHIELDON Genuine Leather iPhone 7 Plus Wallet Case Book Design with Flip Cover and Stand [Credit Card Slot] Magnetic Closure Cover Case for Apple iPhone 7 Plus - Black",1,
SHIELDON,Smartphone Case,"iPhone 7 Plus Case, SHIELDON Genuine Leather iPhone 7 Plus Wallet Case Book Design with Flip Cover and Stand [Credit Card Slot] Magnetic Closure Cover Case for Apple iPhone 7 Plus - Brown",1,
SHIELDON,Smartphone Case,"iPhone 7 Plus Case, SHIELDON Genuine iPhone 7 Plus Leather Case [Wallet] [Flip] Book Design with Credit Card Holder and Kicktand Magnetic Closure Cover Case for Apple iPhone 7 Plus - Black",2,
SHIELDON,Smartphone Case,"iPhone 7 Plus Case, SHIELDON Genuine iPhone 7 Plus Leather Case [Wallet] [Flip] Book Design with Credit Card Holder and Kicktand Magnetic Closure Cover Case for Apple iPhone 7 Plus - Brown",2,
SHIELDON,Smartphone Case,"iPhone 7 Case, SHIELDON Genuine Leather iPhone 7 Wallet Case Premium [Card Slot] [Heavy Duty Protection] Magnetic Closure Protective Stand Flip Cover Case for Apple iPhone 7 - Black",3,
SHIELDON,Smartphone Case,"iPhone 7 Case, SHIELDON Genuine Leather iPhone 7 Wallet Case Premium [Card Slot] [Heavy Duty Protection] Magnetic Closure Protective Stand Flip Cover Case for Apple iPhone 7 - Brown",3,
