Brand,Category,Source,Product Line,SKU,
Bose,Mobile Speakers,Amazon,SoundLink Color Bluetooth Speaker,Black,
Bose,Mobile Speakers,Amazon,SoundLink Color Bluetooth Speaker,Blue,
Bose,Mobile Speakers,Amazon,SoundLink Color Bluetooth Speaker,Red,
Bose,Mobile Speakers,Amazon,SoundLink Color Bluetooth Speaker,Mint,
Bose,Mobile Speakers,Amazon,SoundLink Color Bluetooth Speaker,White,
Bose,Mobile Speakers,Brand Website,SoundLink Color Bluetooth Speaker,,
JBL,Mobile Speakers,Amazon,Flip 2 Portable Wireless Speaker,Black,
JBL,Mobile Speakers,Amazon,Flip 2 Portable Wireless Speaker,White,
JBL,Mobile Speakers,Amazon,Flip 2 Portable Wireless Speaker,Yellow,
JBL,Mobile Speakers,Amazon,Flip 3 Splashproof Portable Bluetooth Speaker,Black,
JBL,Mobile Speakers,Amazon,Flip 3 Splashproof Portable Bluetooth Speaker,Blue,
JBL,Mobile Speakers,Amazon,Flip 3 Splashproof Portable Bluetooth Speaker,Gray,
JBL,Mobile Speakers,Amazon,Flip 3 Splashproof Portable Bluetooth Speaker,Red,
JBL,Mobile Speakers,Amazon,Flip 3 Splashproof Portable Bluetooth Speaker,Pink,
JBL,Mobile Speakers,Amazon,Flip 3 Splashproof Portable Bluetooth Speaker,Teal,
JBL,Mobile Speakers,Amazon,Flip 3 Splashproof Portable Bluetooth Speaker,Orange,
JBL,Mobile Speakers,Brand Website,Flip 2,,
JBL,Mobile Speakers,Brand Website,Flip 3,,
Ultimate Ears,Mobile Speakers,Amazon,UE Boom 2 Wireless Mobile Bluetoth Speaker (Waterproof and Shockproof),Phantom,
Ultimate Ears,Mobile Speakers,Amazon,UE Boom 2 Wireless Mobile Bluetoth Speaker (Waterproof and Shockproof),BrainFreeze,
Ultimate Ears,Mobile Speakers,Amazon,UE Boom 2 Wireless Mobile Bluetoth Speaker (Waterproof and Shockproof),Green Machine,
Ultimate Ears,Mobile Speakers,Amazon,UE Boom 2 Wireless Mobile Bluetoth Speaker (Waterproof and Shockproof),Cherrybomb,
Ultimate Ears,Mobile Speakers,Amazon,UE Boom 2 Wireless Mobile Bluetoth Speaker (Waterproof and Shockproof),Tropical,
Ultimate Ears,Mobile Speakers,Amazon,UE Boom 2 Wireless Mobile Bluetoth Speaker (Waterproof and Shockproof),Yeti,
Ultimate Ears,Mobile Speakers,Amazon,UE Megaboom Wireless Mobile Bluetooth Speaker (Waterproof and Shockproof),Charcoal Black,
Ultimate Ears,Mobile Speakers,Amazon,UE Megaboom Wireless Mobile Bluetooth Speaker (Waterproof and Shockproof),Plum,
Ultimate Ears,Mobile Speakers,Amazon,UE Megaboom Wireless Mobile Bluetooth Speaker (Waterproof and Shockproof),Lava Red,
Ultimate Ears,Mobile Speakers,Amazon,UE Megaboom Wireless Mobile Bluetooth Speaker (Waterproof and Shockproof),Electric Blue,
Ultimate Ears,Mobile Speakers,Amazon,UE Megaboom Wireless Mobile Bluetooth Speaker (Waterproof and Shockproof),PLUM,
Ultimate Ears,Mobile Speakers,Amazon,UE ROLL 2 Wireless Portable Bluetooth Speaker (Waterproof),Volcano,
Ultimate Ears,Mobile Speakers,Amazon,UE ROLL 2 Wireless Portable Bluetooth Speaker (Waterproof),Sugarplum,
Ultimate Ears,Mobile Speakers,Amazon,UE ROLL 2 Wireless Portable Bluetooth Speaker (Waterproof),Reef,
Ultimate Ears,Mobile Speakers,Amazon,UE ROLL 2 Wireless Portable Bluetooth Speaker (Waterproof),Atmosphere,
Ultimate Ears,Mobile Speakers,Brand Website,UE MEGABOOM,,
Ultimate Ears,Mobile Speakers,Brand Website,UE BOOM 2,,
Ultimate Ears,Mobile Speakers,Brand Website,UE ROLL 2,,
Logitech,Pointing Devices,Amazon,M325c Wireless Mouse,Lemon,
Logitech,Pointing Devices,Amazon,M325c Wireless Mouse,Blue Harlequin,
Logitech,Pointing Devices,Amazon,M325c Wireless Mouse,Blue Zigzag,
Logitech,Pointing Devices,Amazon,M325c Wireless Mouse,Francesca Fox,
Logitech,Pointing Devices,Amazon,M325c Wireless Mouse,Owl,
Logitech,Pointing Devices,Amazon,M325c Wireless Mouse,Playing Blocks,
Logitech,Pointing Devices,Amazon,M325c Wireless Mouse,Purple,
Logitech,Pointing Devices,Amazon,M325c Wireless Mouse,Purple Zigzag,
Logitech,Pointing Devices,Amazon,M325c Wireless Mouse,Red Harlequin,
Logitech,Pointing Devices,Amazon,M325c Wireless Mouse,Red Zigzag,
Logitech,Pointing Devices,Amazon,M325c Wireless Mouse,Teal Chevron,
Logitech,Pointing Devices,Amazon,M325c Wireless Mouse,Teal Zigzag,
Logitech,Pointing Devices,Amazon,M325c Wireless Mouse,Red/Blue/White,
Logitech,Pointing Devices,Amazon,Wireless Mouse M325 with Designed-For-Web Scrolling,Brilliant Rose,
Logitech,Pointing Devices,Amazon,Wireless Mouse M325 with Designed-For-Web Scrolling,Fusion Party,
Logitech,Pointing Devices,Amazon,Wireless Mouse M325 with Designed-For-Web Scrolling,Into The Deep,
Logitech,Pointing Devices,Amazon,Wireless Mouse M325 with Designed-For-Web Scrolling,Light Silver,
Logitech,Pointing Devices,Amazon,Wireless Mouse M325 with Designed-For-Web Scrolling,Metallic Gray,
Logitech,Pointing Devices,Amazon,Wireless Mouse M325 with Designed-For-Web Scrolling,Purple Green,
Logitech,Pointing Devices,Amazon,Wireless Mouse M325 with Designed-For-Web Scrolling,Purple/Pink,
Logitech,Pointing Devices,Amazon,Wireless Mouse M325 with Designed-For-Web Scrolling,Red,
Logitech,Pointing Devices,Amazon,Wireless Mouse M325 with Designed-For-Web Scrolling,Spontaneus Pink,
Logitech,Pointing Devices,Amazon,Wireless Mouse M325 with Designed-For-Web Scrolling,Tweet Tweet,
Logitech,Pointing Devices,Amazon,Wireless Mouse M325 with Designed-For-Web Scrolling,Vivid Violet,
Logitech,Pointing Devices,Amazon,Wireless Mouse M325 with Designed-For-Web Scrolling,Flamingo,
Logitech,Pointing Devices,Amazon,Wireless Mouse M335,Blue,
Logitech,Pointing Devices,Amazon,Wireless Mouse M335,Black,
Logitech,Pointing Devices,Brand Website,Wireless Mouse M325,,
Logitech,Pointing Devices,Brand Website,Wireless Mouse M325c,,
Logitech,Pointing Devices,Brand Website,Wireless Mouse M335,,
Logitech,Tablet Keyboard,Amazon,BLOK Protective Keyboard Case for iPad Air 2,Teal/Blue,
Logitech,Tablet Keyboard,Amazon,BLOK Protective Keyboard Case for iPad Air 2,Black,
Logitech,Tablet Keyboard,Amazon,BLOK Protective Keyboard Case for iPad Air 2,Red/Violet,
Logitech,Tablet Keyboard,Amazon,BLOK Protective Case for iPad Air 2,Teal/Blue,
Logitech,Tablet Keyboard,Amazon,BLOK Protective Case for iPad Air 2,Black,
Logitech,Tablet Keyboard,Amazon,BLOK Protective Case for iPad Air 2,Red/Violet,
Logitech,Tablet Keyboard,Amazon,BLOK Protective Shell for iPad Air 2,Black,
Logitech,Tablet Keyboard,Amazon,BLOK Protective Shell for iPad Air 2,Teal/Blue,
Logitech,Tablet Keyboard,Amazon,BLOK Protective Shell for iPad Mini 2 & 3,Black,
Logitech,Tablet Keyboard,Amazon,BLOK Protective Shell for iPad Mini 2 & 3,Teal/Blue,
Logitech,Tablet Keyboard,Amazon,CREATE Backlit Keyboard Case with Smart Connector for iPad Pro 9.7'',Black,
Logitech,Tablet Keyboard,Amazon,CREATE Backlit Keyboard Case with Smart Connector for iPad Pro 9.7'',Grey,
Logitech,Tablet Keyboard,Amazon,CREATE Backlit Keyboard Case with Smart Connector for iPad Pro 9.7'',Red,
Logitech,Tablet Keyboard,Amazon,Type+ Protective Case with Integrated Keyboard for iPad Air 2,Black - Smooth Surface,
Logitech,Tablet Keyboard,Amazon,Type+ Protective Case with Integrated Keyboard for iPad Air 2,Dark Blue - Smooth Surface,
Logitech,Tablet Keyboard,Amazon,Type-S Keyboard Case for Samsung Galaxy Tab A 9.7,Black,
Logitech,Tablet Keyboard,Amazon,Type-S Keyboard Case for Samsung Galaxy Tab A 9.7,Violet,
Logitech,Tablet Keyboard,Amazon,Ultrathin Keyboard Folio Case for iPad Mini Mars,Red,
Logitech,Tablet Keyboard,Amazon,Ultrathin Keyboard Folio for iPad Air,Mars Red Orange,
Logitech,Tablet Keyboard,Amazon,Ultrathin Keyboard Folio for iPad Air,Carbon Black,
Logitech,Tablet Keyboard,Amazon,Ultrathin Keyboard Folio for iPad mini 3/ mini 2/ mini,Carbon Black,
Logitech,Tablet Keyboard,Amazon,Ultrathin Keyboard Folio for iPad mini 3/ mini 2/ mini,Veil Grey,
Logitech,Tablet Keyboard,Brand Website,BLOK Protective Keyboard Case  ,,
Logitech,Tablet Keyboard,Brand Website,BLOK Protective Case  ,,
Logitech,Tablet Keyboard,Brand Website,BLOK Protective Shell for iPad Air 2,,
Logitech,Tablet Keyboard,Brand Website,BLOK Protective Shell for iPad Mini 2 & 3,,
Logitech,Tablet Keyboard,Brand Website,CREATE Backlit Keyboard Case with Smart Connector for iPad Pro 9.7 inch,,
Logitech,Tablet Keyboard,Brand Website,Type+ Protective Case with Integrade Keyboard for iPad Air 2,,
Logitech,Tablet Keyboard,Brand Website,Type-S Keyboard Case for Samsung Galaxy Tab S2 9.7,,
Logitech,Tablet Keyboard,Brand Website,Ultrathin Keyboard Folio for iPad mini,,
Logitech,Tablet Keyboard,Brand Website,Ultrathin Keyboard Folio for iPad Air,,
