Product,Word,Type
1,logitech,1
1,x100,1
1,mobile,1
1,wireless,1
1,speaker,1
1,grey,2
2,logitech,1
2,x100,1
2,mobile,1
2,wireless,1
2,speaker,1
2,green,2
3,logitech,1
3,x100,1
3,mobile,1
3,wireless,1
3,speaker,1
3,orange,2
4,logitech,1
4,x100,1
4,mobile,1
4,wireless,1
4,speaker,1
4,red,2
5,logitech,1
5,x100,1
5,mobile,1
5,wireless,1
5,speaker,1
5,yellow,2
6,logitech,1
6,x300,1
6,mobile,1
6,wireless,1
6,stereo,1
6,speaker,1
6,copper,2
6,black,2
7,logitech,1
7,x300,1
7,mobile,1
7,wireless,1
7,stereo,1
7,speaker,1
7,blue,2
8,logitech,1
8,x300,1
8,mobile,1
8,wireless,1
8,stereo,1
8,speaker,1
8,red,2
9,logitech,1
9,x300,1
9,mobile,1
9,wireless,1
9,stereo,1
9,speaker,1
9,purple,2
10,logitech,1
10,ue,1
10,984000298,2
10,mobile,1
10,boombox,1
10,bluetooth,1
10,speaker,1
10,and,1
10,speakerphone,1
10,black,2
10,grillblack,2
11,logitech,1
11,ue,1
11,984000294,2
11,mobile,1
11,boombox,1
11,bluetooth,1
11,speaker,1
11,and,1
11,speakerphone,1
11,blue,2
11,grilllight,2
11,grey,2
12,logitech,1
12,ue,1
12,984000295,2
12,mobile,1
12,boombox,1
12,bluetooth,1
12,speaker,1
12,and,1
12,speakerphone,1
12,red,2
12,grillblack,2
13,logitech,1
13,ue,1
13,984000296,2
13,mobile,1
13,boombox,1
13,bluetooth,1
13,speaker,1
13,and,1
13,speakerphone,1
13,white,2
13,grilllight,2
13,grey,2
14,logitech,1
14,ue,1
14,984000297,2
14,mobile,1
14,boombox,1
14,bluetooth,1
14,speaker,1
14,and,1
14,speakerphone,1
14,yellow,2
14,grillblack,2
15,amazon,1
15,echo,1
15,black,2
16,amazon,1
16,echo,1
16,white,2
17,amazon,1
17,tap,1
17,alexaenabled,1
17,portable,1
17,bluetooth,1
17,speaker,1
18,amazonbasics,1
18,portable,1
18,bluetooth,1
18,speaker,1
18,black,2
19,amazonbasics,1
19,portable,1
19,bluetooth,1
19,speaker,1
19,blue,2
20,amazonbasics,1
20,portable,1
20,bluetooth,1
20,speaker,1
20,red,2
21,amazonbasics,1
21,portable,1
21,bluetooth,1
21,speaker,1
21,white,2
22,amazonbasics,1
22,portable,1
22,bluetooth,1
22,speaker,1
22,black,2
22,and,1
22,35mm,1
22,male,1
22,to,1
22,male,1
22,stereo,1
22,audio,1
22,cable,1
22,2,1
22,feet,1
22,set,1
23,amazonbasics,1
23,portable,1
23,bluetooth,1
23,speaker,1
23,blue,2
23,and,1
23,35mm,1
23,male,1
23,to,1
23,male,1
23,stereo,1
23,audio,1
23,cable,1
23,2,1
23,feet,1
23,set,1
24,amazonbasics,1
24,portable,1
24,bluetooth,1
24,speaker,1
24,red,2
24,and,1
24,35mm,1
24,male,1
24,to,1
24,male,1
24,stereo,1
24,audio,1
24,cable,1
24,2,1
24,feet,1
24,set,1
25,amazonbasics,1
25,portable,1
25,bluetooth,1
25,speaker,1
25,white,2
25,and,1
25,35mm,1
25,male,1
25,to,1
25,male,1
25,stereo,1
25,audio,1
25,cable,1
25,2,1
25,feet,1
25,set,1
26,amazonbasics,1
26,mini,1
26,bluetooth,1
26,speaker,1
26,black,2
27,amazonbasics,1
27,mini,1
27,bluetooth,1
27,speaker,1
27,blue,2
28,amazonbasics,1
28,mini,1
28,bluetooth,1
28,speaker,1
28,purple,2
29,amazonbasics,1
29,mini,1
29,bluetooth,1
29,speaker,1
29,red,2
30,amazonbasics,1
30,mini,1
30,bluetooth,1
30,speaker,1
30,gray,2
31,amazonbasics,1
31,large,1
31,portable,1
31,bluetooth,1
31,speaker,1
32,amazonbasics,1
32,micro,1
32,bluetooth,1
32,speaker,1
32,black,2
33,amazonbasics,1
33,micro,1
33,bluetooth,1
33,speaker,1
33,blue,2
34,amazonbasics,1
34,micro,1
34,bluetooth,1
34,speaker,1
34,red,2
35,amazonbasics,1
35,micro,1
35,bluetooth,1
35,speaker,1
35,white,2
36,amazonbasics,1
36,micro,1
36,bluetooth,1
36,speaker,1
36,gray,2
37,bose,1
37,soundlink,1
37,color,1
37,bluetooth,1
37,speaker,1
37,black,2
38,bose,1
38,soundlink,1
38,color,1
38,bluetooth,1
38,speaker,1
38,blue,2
39,bose,1
39,soundlink,1
39,color,1
39,bluetooth,1
39,speaker,1
39,red,2
40,bose,1
40,soundlink,1
40,color,1
40,bluetooth,1
40,speaker,1
40,mint,2
41,bose,1
41,soundlink,1
41,color,1
41,bluetooth,1
41,speaker,1
41,white,2
42,bose,1
42,soundlink,1
42,color,1
42,bluetooth,1
42,speaker,1
42,ii,1
42,soft,2
42,black,2
43,bose,1
43,soundlink,1
43,color,1
43,bluetooth,1
43,speaker,1
43,ii,1
43,aquatic,2
43,blue,2
44,bose,1
44,soundlink,1
44,color,1
44,bluetooth,1
44,speaker,1
44,ii,1
44,coral,2
44,red,2
45,bose,1
45,soundlink,1
45,color,1
45,bluetooth,1
45,speaker,1
45,ii,1
45,polar,2
45,white,2
46,bose,1
46,soundlink,1
46,mini,1
46,bluetooth,1
46,speaker,1
46,ii,1
46,carbon,2
47,bose,1
47,soundlink,1
47,mini,1
47,bluetooth,1
47,speaker,1
47,ii,1
47,pearl,2
48,bose,1
48,soundlink,1
48,bluetooth,1
48,mobile,1
48,speaker,1
48,ii,1
48,limited,2
48,edition,2
48,white,2
48,leather,2
49,bose,1
49,soundlink,1
49,bluetooth,1
49,mobile,1
49,speaker,1
49,ii,1
49,leather,2
50,bose,1
50,soundlink,1
50,bluetooth,1
50,mobile,1
50,speaker,1
50,ii,1
50,nylon,2
51,bose,1
51,soundlink,1
51,bluetooth,1
51,speaker,1
51,iii,1
52,jbl,1
52,flip,1
52,2,1
52,portable,1
52,wireless,1
52,speaker,1
52,black,2
53,jbl,1
53,flip,1
53,2,1
53,portable,1
53,wireless,1
53,speaker,1
53,white,2
54,jbl,1
54,flip,1
54,2,1
54,portable,1
54,wireless,1
54,speaker,1
54,yellow,2
55,jbl,1
55,flip,1
55,3,1
55,splashproof,1
55,portable,1
55,bluetooth,1
55,speaker,1
55,black,2
56,jbl,1
56,flip,1
56,3,1
56,splashproof,1
56,portable,1
56,bluetooth,1
56,speaker,1
56,blue,2
57,jbl,1
57,flip,1
57,3,1
57,splashproof,1
57,portable,1
57,bluetooth,1
57,speaker,1
57,gray,2
58,jbl,1
58,flip,1
58,3,1
58,splashproof,1
58,portable,1
58,bluetooth,1
58,speaker,1
58,red,2
59,jbl,1
59,flip,1
59,3,1
59,splashproof,1
59,portable,1
59,bluetooth,1
59,speaker,1
59,pink,2
60,jbl,1
60,flip,1
60,3,1
60,splashproof,1
60,portable,1
60,bluetooth,1
60,speaker,1
60,teal,2
61,jbl,1
61,flip,1
61,3,1
61,splashproof,1
61,portable,1
61,bluetooth,1
61,speaker,1
61,orange,2
62,jbl,1
62,charge,1
62,2,1
62,splashproof,1
62,portable,1
62,bluetooth,1
62,speaker,1
62,black,2
63,jbl,1
63,charge,1
63,2,1
63,splashproof,1
63,portable,1
63,bluetooth,1
63,speaker,1
63,blue,2
64,jbl,1
64,charge,1
64,2,1
64,splashproof,1
64,portable,1
64,bluetooth,1
64,speaker,1
64,grey,2
65,jbl,1
65,charge,1
65,2,1
65,splashproof,1
65,portable,1
65,bluetooth,1
65,speaker,1
65,teal,2
66,jbl,1
66,charge,1
66,2,1
66,splashproof,1
66,portable,1
66,bluetooth,1
66,speaker,1
66,red,2
67,jbl,1
67,charge,1
67,2,1
67,splashproof,1
67,portable,1
67,bluetooth,1
67,speaker,1
67,orange,2
68,jbl,1
68,charge,1
68,2,1
68,splashproof,1
68,portable,1
68,bluetooth,1
68,speaker,1
68,yellow,2
69,jbl,1
69,charge,1
69,2,1
69,splashproof,1
69,portable,1
69,bluetooth,1
69,speaker,1
69,pink,2
70,jbl,1
70,charge,1
70,3,1
70,waterproof,1
70,portable,1
70,bluetooth,1
70,speaker,1
70,black,2
71,jbl,1
71,charge,1
71,3,1
71,waterproof,1
71,portable,1
71,bluetooth,1
71,speaker,1
71,blue,2
72,jbl,1
72,charge,1
72,3,1
72,waterproof,1
72,portable,1
72,bluetooth,1
72,speaker,1
72,red,2
73,jbl,1
73,charge,1
73,3,1
73,waterproof,1
73,portable,1
73,bluetooth,1
73,speaker,1
73,gray,2
74,jbl,1
74,charge,1
74,3,1
74,waterproof,1
74,portable,1
74,bluetooth,1
74,speaker,1
74,teal,2
75,jbl,1
75,micro,1
75,ii,1
75,ultraportable,1
75,multimedia,1
75,speaker,1
75,black,2
75,wired,2
76,jbl,1
76,micro,1
76,ii,1
76,ultraportable,1
76,multimedia,1
76,speaker,1
76,orange,2
77,jbl,1
77,micro,1
77,ii,1
77,ultraportable,1
77,multimedia,1
77,speaker,1
77,whitewired,2
78,jbl,1
78,micro,1
78,wireless,1
78,ultraportable,1
78,speaker,1
78,black,2
79,jbl,1
79,micro,1
79,wireless,1
79,ultraportable,1
79,speaker,1
79,with,1
79,wireless,1
79,bluetooth,1
79,connectivity,1
79,pink,2
80,jbl,1
80,micro,1
80,wireless,1
80,ultraportable,1
80,speaker,1
80,with,1
80,builtin,1
80,bass,1
80,port,1
80,and,1
80,wireless,1
80,bluetooth,1
80,connectivity,1
80,red,2
81,jbl,1
81,micro,1
81,wireless,1
81,ultraportable,1
81,speaker,1
81,with,1
81,wireless,1
81,bluetooth,1
81,connectivity,1
81,white,2
82,jbl,1
82,clip,1
82,portable,1
82,bluetooth,1
82,speaker,1
82,black,2
83,jbl,1
83,clip,1
83,portable,1
83,bluetooth,1
83,speaker,1
83,blue,2
84,jbl,1
84,clip,1
84,portable,1
84,bluetooth,1
84,speaker,1
84,grey,2
85,jbl,1
85,clip,1
85,portable,1
85,bluetooth,1
85,speaker,1
85,purple,2
86,jbl,1
86,clip,1
86,portable,1
86,bluetooth,1
86,speaker,1
86,red,2
87,jbl,1
87,clip,1
87,splashproof,1
87,portable,1
87,bluetooth,1
87,speaker,1
87,black,2
88,jbl,1
88,clip,1
88,splashproof,1
88,portable,1
88,bluetooth,1
88,speaker,1
88,blue,2
89,jbl,1
89,clip,1
89,splashproof,1
89,portable,1
89,bluetooth,1
89,speaker,1
89,orange,2
90,jbl,1
90,clip,1
90,splashproof,1
90,portable,1
90,bluetooth,1
90,speaker,1
90,pink,2
91,jbl,1
91,clip,1
91,splashproof,1
91,portable,1
91,bluetooth,1
91,speaker,1
91,red,2
92,jbl,1
92,clip,1
92,splashproof,1
92,portable,1
92,bluetooth,1
92,speaker,1
92,yellow,2
93,jbl,1
93,clip,1
93,splashproof,1
93,portable,1
93,bluetooth,1
93,speaker,1
93,gray,2
94,jbl,1
94,clip,1
94,splashproof,1
94,portable,1
94,bluetooth,1
94,speaker,1
94,teal,2
95,ue,1
95,boom,1
95,2,1
95,wireless,1
95,mobile,1
95,bluetoth,1
95,speaker,1
95,waterproof,1
95,and,1
95,shockproof,1
95,phantom,2
96,ue,1
96,boom,1
96,2,1
96,wireless,1
96,mobile,1
96,bluetoth,1
96,speaker,1
96,waterproof,1
96,and,1
96,shockproof,1
96,brainfreeze,2
97,ue,1
97,boom,1
97,2,1
97,wireless,1
97,mobile,1
97,bluetoth,1
97,speaker,1
97,waterproof,1
97,and,1
97,shockproof,1
97,green,2
97,machine,2
98,ue,1
98,boom,1
98,2,1
98,wireless,1
98,mobile,1
98,bluetoth,1
98,speaker,1
98,waterproof,1
98,and,1
98,shockproof,1
98,cherrybomb,2
99,ue,1
99,boom,1
99,2,1
99,wireless,1
99,mobile,1
99,bluetoth,1
99,speaker,1
99,waterproof,1
99,and,1
99,shockproof,1
99,tropical,2
100,ue,1
100,boom,1
100,2,1
100,wireless,1
100,mobile,1
100,bluetoth,1
100,speaker,1
100,waterproof,1
100,and,1
100,shockproof,1
100,yeti,2
101,ue,1
101,megaboom,1
101,wireless,1
101,mobile,1
101,bluetooth,1
101,speaker,1
101,waterproof,1
101,and,1
101,shockproof,1
101,charcoal,2
101,black,2
102,ue,1
102,megaboom,1
102,wireless,1
102,mobile,1
102,bluetooth,1
102,speaker,1
102,waterproof,1
102,and,1
102,shockproof,1
102,plum,2
103,ue,1
103,megaboom,1
103,wireless,1
103,mobile,1
103,bluetooth,1
103,speaker,1
103,waterproof,1
103,and,1
103,shockproof,1
103,lava,2
103,red,2
104,ue,1
104,megaboom,1
104,wireless,1
104,mobile,1
104,bluetooth,1
104,speaker,1
104,waterproof,1
104,and,1
104,shockproof,1
104,electric,2
104,blue,2
105,ue,1
105,roll,1
105,2,1
105,wireless,1
105,portable,1
105,bluetooth,1
105,speaker,1
105,waterproof,1
105,volcano,2
106,ue,1
106,roll,1
106,2,1
106,wireless,1
106,portable,1
106,bluetooth,1
106,speaker,1
106,waterproof,1
106,sugarplum,2
107,ue,1
107,roll,1
107,2,1
107,wireless,1
107,portable,1
107,bluetooth,1
107,speaker,1
107,waterproof,1
107,reef,2
108,ue,1
108,roll,1
108,2,1
108,wireless,1
108,portable,1
108,bluetooth,1
108,speaker,1
108,waterproof,1
108,atmosphere,2
109,logitech,1
109,m325c,1
109,wireless,1
109,mouse,1
109,lemon,2
110,logitech,1
110,m325c,1
110,wireless,1
110,mouse,1
110,blue,2
110,harlequin,2
111,logitech,1
111,m325c,1
111,wireless,1
111,mouse,1
111,blue,2
111,zigzag,2
112,logitech,1
112,m325c,1
112,wireless,1
112,mouse,1
112,francesca,2
112,fox,2
113,logitech,1
113,m325c,1
113,wireless,1
113,mouse,1
113,owl,2
114,logitech,1
114,m325c,1
114,wireless,1
114,mouse,1
114,playing,2
114,blocks,2
115,logitech,1
115,m325c,1
115,wireless,1
115,mouse,1
115,purple,2
116,logitech,1
116,m325c,1
116,wireless,1
116,mouse,1
116,purple,2
116,zigzag,2
117,logitech,1
117,m325c,1
117,wireless,1
117,mouse,1
117,red,2
117,harlequin,2
118,logitech,1
118,m325c,1
118,wireless,1
118,mouse,1
118,red,2
118,zigzag,2
119,logitech,1
119,m325c,1
119,wireless,1
119,mouse,1
119,teal,2
119,chevron,2
120,logitech,1
120,m325c,1
120,wireless,1
120,mouse,1
120,teal,2
120,zigzag,2
121,logitech,1
121,m325c,1
121,wireless,1
121,mouse,1
121,redbluewhite,2
122,logitech,1
122,wireless,1
122,mouse,1
122,m325,1
122,with,1
122,designedforweb,1
122,scrolling,1
122,brilliant,2
122,rose,2
123,logitech,1
123,wireless,1
123,mouse,1
123,m325,1
123,with,1
123,designedforweb,1
123,scrolling,1
123,fusion,2
123,party,2
124,logitech,1
124,wireless,1
124,mouse,1
124,m325,1
124,with,1
124,designedforweb,1
124,scrolling,1
124,into,2
124,the,2
124,deep,2
125,logitech,1
125,wireless,1
125,mouse,1
125,m325,1
125,with,1
125,designedforweb,1
125,scrolling,1
125,light,2
125,silver,2
126,logitech,1
126,wireless,1
126,mouse,1
126,m325,1
126,with,1
126,designedforweb,1
126,scrolling,1
126,metallic,2
126,gray,2
127,logitech,1
127,wireless,1
127,mouse,1
127,m325,1
127,with,1
127,designedforweb,1
127,scrolling,1
127,purple,2
127,green,2
128,logitech,1
128,wireless,1
128,mouse,1
128,m325,1
128,with,1
128,designedforweb,1
128,scrolling,1
128,purplepink,2
129,logitech,1
129,wireless,1
129,mouse,1
129,m325,1
129,with,1
129,designedforweb,1
129,scrolling,1
129,red,2
130,logitech,1
130,wireless,1
130,mouse,1
130,m325,1
130,with,1
130,designedforweb,1
130,scrolling,1
130,spontaneous,2
130,pink,2
131,logitech,1
131,wireless,1
131,mouse,1
131,m325,1
131,with,1
131,designedforweb,1
131,scrolling,1
131,tweet,2
131,tweet,2
132,logitech,1
132,wireless,1
132,mouse,1
132,m325,1
132,with,1
132,designedforweb,1
132,scrolling,1
132,vivid,2
132,violet,2
133,logitech,1
133,wireless,1
133,mouse,1
133,m325,1
133,with,1
133,designedforweb,1
133,scrolling,1
133,flamingo,2
134,logitech,1
134,wireless,1
134,mouse,1
134,m335,1
134,blue,2
135,logitech,1
135,wireless,1
135,mouse,1
135,m335,1
135,black,2
136,logitech,1
136,blok,1
136,protective,1
136,keyboard,1
136,case,1
136,for,1
136,ipad,1
136,air,1
136,2,1
136,tealblue,2
137,logitech,1
137,blok,1
137,protective,1
137,keyboard,1
137,case,1
137,for,1
137,ipad,1
137,air,1
137,2,1
137,black,2
138,logitech,1
138,blok,1
138,protective,1
138,keyboard,1
138,case,1
138,for,1
138,ipad,1
138,air,1
138,2,1
138,redviolet,2
139,logitech,1
139,blok,1
139,protective,1
139,case,1
139,for,1
139,ipad,1
139,air,1
139,2,1
139,tealblue,2
140,logitech,1
140,blok,1
140,protective,1
140,case,1
140,for,1
140,ipad,1
140,air,1
140,2,1
140,black,2
141,logitech,1
141,blok,1
141,protective,1
141,case,1
141,for,1
141,ipad,1
141,air,1
141,2,1
141,redviolet,2
142,logitech,1
142,blok,1
142,protective,1
142,case,1
142,for,1
142,ipad,1
142,air,1
142,2,1
142,black,2
143,logitech,1
143,blok,1
143,protective,1
143,case,1
143,for,1
143,ipad,1
143,air,1
143,2,1
143,tealblue,2
144,logitech,1
144,blok,1
144,protective,1
144,shell,1
144,for,1
144,ipad,1
144,mini,1
144,2,1
144,3,1
144,black,2
145,logitech,1
145,blok,1
145,protective,1
145,shell,1
145,for,1
145,ipad,1
145,mini,1
145,2,1
145,3,1
145,tealblue,2
146,logitech,1
146,create,1
146,backlit,1
146,keyboard,1
146,case,1
146,with,1
146,smart,1
146,connector,1
146,for,1
146,ipad,1
146,pro,1
146,97,1
146,black,2
147,logitech,1
147,create,1
147,backlit,1
147,keyboard,1
147,case,1
147,with,1
147,smart,1
147,connector,1
147,for,1
147,ipad,1
147,pro,1
147,97,1
147,grey,2
148,logitech,1
148,create,1
148,backlit,1
148,keyboard,1
148,case,1
148,with,1
148,smart,1
148,connector,1
148,for,1
148,ipad,1
148,pro,1
148,97,1
148,red,2
149,logitech,1
149,type,1
149,protective,1
149,case,1
149,with,1
149,integrated,1
149,keyboard,1
149,for,1
149,ipad,1
149,air,1
149,2,1
149,black,2
149,smooth,1
149,surface,1
150,logitech,1
150,type,1
150,protective,1
150,case,1
150,with,1
150,integrated,1
150,keyboard,1
150,for,1
150,ipad,1
150,air,1
150,2,1
150,dark,2
150,blue,2
150,smooth,1
150,surface,1
151,logitech,1
151,types,1
151,keyboard,1
151,case,1
151,for,1
151,samsung,1
151,galaxy,1
151,tab,1
151,a,1
151,97,1
151,black,2
152,logitech,1
152,types,1
152,keyboard,1
152,case,1
152,for,1
152,samsung,1
152,galaxy,1
152,tab,1
152,a,1
152,97,1
152,violet,2
153,logitech,1
153,ultrathin,1
153,keyboard,1
153,folio,1
153,for,1
153,ipad,1
153,air,1
153,mars,2
153,red,2
153,orange,2
154,logitech,1
154,ultrathin,1
154,keyboard,1
154,folio,1
154,for,1
154,ipad,1
154,air,1
154,carbon,2
154,black,2
155,logitech,1
155,ultrathin,1
155,keyboard,1
155,folio,1
155,for,1
155,ipad,1
155,mini,1
155,3,1
155,mini,1
155,2,1
155,mini,1
155,carbon,2
155,black,2
156,logitech,1
156,ultrathin,1
156,keyboard,1
156,folio,1
156,for,1
156,ipad,1
156,mini,1
156,3,1
156,mini,1
156,2,1
156,mini,1
156,veil,2
156,grey,2
157,zagg,1
157,folio,1
157,case,1
157,hinged,1
157,with,1
157,bluetooth,1
157,keyboard,1
157,for,1
157,android,1
157,tablets,1
157,7inch,1
157,black,2
158,zagg,1
158,folio,1
158,case,1
158,hinged,1
158,with,1
158,bluetooth,1
158,keyboard,1
158,for,1
158,android,1
158,tablets,1
158,8inch,1
158,black,2
159,zagg,1
159,folio,1
159,case,1
159,hinged,1
159,with,1
159,bluetooth,1
159,keyboard,1
159,for,1
159,android,1
159,tablets,1
159,10inch,1
159,black,2
160,zagg,1
160,folio,1
160,case,1
160,hinged,1
160,with,1
160,backlit,1
160,bluetooth,1
160,keyboard,1
160,for,1
160,ipad,1
160,air,1
160,2,1
160,black,2
161,zagg,1
161,folio,1
161,case,1
161,hinged,1
161,with,1
161,backlit,1
161,bluetooth,1
161,keyboard,1
161,for,1
161,ipad,1
161,air,1
161,2,1
161,blue,2
162,zagg,1
162,folio,1
162,case,1
162,hinged,1
162,with,1
162,backlit,1
162,bluetooth,1
162,keyboard,1
162,for,1
162,ipad,1
162,air,1
162,2,1
162,red,2
163,zagg,1
163,folio,1
163,case,1
163,hinged,1
163,with,1
163,backlit,1
163,bluetooth,1
163,keyboard,1
163,for,1
163,ipad,1
163,air,1
163,2,1
163,white,2
164,zagg,1
164,folio,1
164,case,1
164,hinged,1
164,with,1
164,backlit,1
164,bluetooth,1
164,keyboard,1
164,for,1
164,ipad,1
164,air,1
164,2,1
164,crimson,2
165,zagg,1
165,folio,1
165,case,1
165,hinged,1
165,with,1
165,backlit,1
165,bluetooth,1
165,keyboard,1
165,for,1
165,ipad,1
165,air,1
165,2,1
165,orchid,2
166,zagg,1
166,folio,1
166,case,1
166,hinged,1
166,with,1
166,backlit,1
166,bluetooth,1
166,keyboard,1
166,for,1
166,ipad,1
166,air,1
166,2,1
166,sage,2
167,zagg,1
167,folio,1
167,case,1
167,hinged,1
167,with,1
167,backlit,1
167,bluetooth,1
167,keyboard,1
167,for,1
167,ipad,1
167,pro,1
167,97,1
167,black,2
168,zagg,1
168,folio,1
168,case,1
168,hinged,1
168,with,1
168,backlit,1
168,bluetooth,1
168,keyboard,1
168,for,1
168,ipad,1
168,pro,1
168,97,1
168,blue,2
169,zagg,1
169,folio,1
169,case,1
169,hinged,1
169,with,1
169,backlit,1
169,bluetooth,1
169,keyboard,1
169,for,1
169,ipad,1
169,pro,1
169,97,1
169,red,2
170,zagg,1
170,folio,1
170,case,1
170,hinged,1
170,with,1
170,backlit,1
170,bluetooth,1
170,keyboard,1
170,for,1
170,ipad,1
170,pro,1
170,97,1
170,white,2
171,zagg,1
171,folio,1
171,case,1
171,hinged,1
171,with,1
171,backlit,1
171,bluetooth,1
171,keyboard,1
171,for,1
171,ipad,1
171,pro,1
171,97,1
171,crimson,2
172,zagg,1
172,folio,1
172,case,1
172,hinged,1
172,with,1
172,backlit,1
172,bluetooth,1
172,keyboard,1
172,for,1
172,ipad,1
172,pro,1
172,97,1
172,orchid,2
173,zagg,1
173,folio,1
173,case,1
173,hinged,1
173,with,1
173,backlit,1
173,bluetooth,1
173,keyboard,1
173,for,1
173,ipad,1
173,pro,1
173,97,1
173,sage,2
174,zagg,1
174,folio,1
174,case,1
174,hinged,1
174,with,1
174,backlit,1
174,bluetooth,1
174,keyboard,1
174,for,1
174,ipad,1
174,mini,1
174,4,1
174,black,2
175,zagg,1
175,folio,1
175,case,1
175,hinged,1
175,with,1
175,backlit,1
175,bluetooth,1
175,keyboard,1
175,for,1
175,ipad,1
175,mini,1
175,4,1
175,blue,2
176,zagg,1
176,folio,1
176,case,1
176,hinged,1
176,with,1
176,backlit,1
176,bluetooth,1
176,keyboard,1
176,for,1
176,ipad,1
176,mini,1
176,4,1
176,red,2
177,zagg,1
177,folio,1
177,case,1
177,hinged,1
177,with,1
177,backlit,1
177,bluetooth,1
177,keyboard,1
177,for,1
177,ipad,1
177,mini,1
177,4,1
177,white,2
178,zagg,1
178,folio,1
178,case,1
178,hinged,1
178,with,1
178,backlit,1
178,bluetooth,1
178,keyboard,1
178,for,1
178,ipad,1
178,mini,1
178,4,1
178,crimson,2
179,zagg,1
179,folio,1
179,case,1
179,hinged,1
179,with,1
179,backlit,1
179,bluetooth,1
179,keyboard,1
179,for,1
179,ipad,1
179,mini,1
179,4,1
179,orchid,2
180,zagg,1
180,folio,1
180,case,1
180,hinged,1
180,with,1
180,backlit,1
180,bluetooth,1
180,keyboard,1
180,for,1
180,ipad,1
180,mini,1
180,4,1
180,sage,2
181,zagg,1
181,folio,1
181,case,1
181,hinged,1
181,with,1
181,backlit,1
181,bluetooth,1
181,keyboard,1
181,for,1
181,ipad,1
181,air,1
181,black,2
182,zagg,1
182,folio,1
182,case,1
182,hinged,1
182,with,1
182,backlit,1
182,bluetooth,1
182,keyboard,1
182,for,1
182,ipad,1
182,air,1
182,blue,2
183,zagg,1
183,folio,1
183,case,1
183,hinged,1
183,with,1
183,backlit,1
183,bluetooth,1
183,keyboard,1
183,for,1
183,ipad,1
183,air,1
183,red,2
184,zagg,1
184,folio,1
184,case,1
184,hinged,1
184,with,1
184,backlit,1
184,bluetooth,1
184,keyboard,1
184,for,1
184,ipad,1
184,air,1
184,white,1
185,zagg,1
185,folio,1
185,case,1
185,hinged,1
185,with,1
185,backlit,1
185,bluetooth,1
185,keyboard,1
185,for,1
185,ipad,1
185,air,1
185,crimson,2
186,zagg,1
186,folio,1
186,case,1
186,hinged,1
186,with,1
186,backlit,1
186,bluetooth,1
186,keyboard,1
186,for,1
186,ipad,1
186,air,1
186,orchid,2
187,zagg,1
187,folio,1
187,case,1
187,hinged,1
187,with,1
187,backlit,1
187,bluetooth,1
187,keyboard,1
187,for,1
187,ipad,1
187,air,1
187,sage,2
188,zagg,1
188,folio,1
188,case,1
188,with,1
188,backlit,1
188,bluetooth,1
188,keyboard,1
188,for,1
188,ipad,1
188,air,1
188,black,1
189,zagg,1
189,folio,1
189,case,1
189,with,1
189,backlit,1
189,bluetooth,1
189,keyboard,1
189,for,1
189,ipad,1
189,air,1
189,white,2
190,microsoft,1
190,surface,1
190,2,1
190,32gb,1
190,106,1
190,tablet,1
190,windows,1
190,rt,1
190,81,1
190,with,1
190,microsoft,1
190,touch,1
190,keyboard,1
190,pink,2
190,certified,1
190,refurbished,1
191,microsoft,1
191,surface,1
191,2,1
191,32gb,1
191,106,1
191,tablet,1
191,windows,1
191,rt,1
191,81,1
191,with,1
191,microsoft,1
191,touch,1
191,keyboard,1
191,white,2
191,certified,1
191,refurbished,1
192,microsoft,1
192,surface,1
192,2,1
192,32gb,1
192,106,1
192,tablet,1
192,windows,1
192,rt,1
192,81,1
192,with,1
192,microsoft,1
192,touch,1
192,keyboard,1
192,blue,2
192,certified,1
192,refurbished,1
193,microsoft,1
193,surface,1
193,2,1
193,32gb,1
193,106,1
193,tablet,1
193,windows,1
193,rt,1
193,81,1
193,with,1
193,microsoft,1
193,touch,1
193,keyboard,1
193,red,2
193,certified,1
193,refurbished,1
194,microsoft,1
194,surface,1
194,2,1
194,64gb,1
194,106,1
194,tablet,1
194,windows,1
194,rt,1
194,81,1
194,with,1
194,microsoft,1
194,touch,1
194,keyboard,1
194,pink,2
194,certified,1
194,refurbished,1
195,microsoft,1
195,surface,1
195,2,1
195,64gb,1
195,106,1
195,tablet,1
195,windows,1
195,rt,1
195,81,1
195,with,1
195,microsoft,1
195,touch,1
195,keyboard,1
195,blue,2
195,certified,1
195,refurbished,1
196,microsoft,1
196,surface,1
196,2,1
196,64gb,1
196,106,1
196,tablet,1
196,windows,1
196,rt,1
196,81,1
196,with,1
196,microsoft,1
196,touch,1
196,keyboard,1
196,blue,2
196,certified,1
196,refurbished,1
197,microsoft,1
197,surface,1
197,2,1
197,64gb,1
197,106,1
197,tablet,1
197,windows,1
197,rt,1
197,81,1
197,with,1
197,microsoft,1
197,touch,1
197,keyboard,1
197,black,2
197,certified,1
197,refurbished,1
198,nuvur,1
198,all,1
198,in,1
198,one,1
198,universal,1
198,wallet,1
198,clutch,1
198,smartphone,1
198,case,1
198,fits,1
198,oppo,1
198,mirror,1
198,5s,1
198,n1,1
198,miniblackblue,2
199,nuvur,1
199,all,1
199,in,1
199,one,1
199,universal,1
199,wallet,1
199,clutch,1
199,smartphone,1
199,case,1
199,fits,1
199,oppo,1
199,mirror,1
199,5s,1
199,n1,1
199,miniblackgreen,2
200,nuvur,1
200,all,1
200,in,1
200,one,1
200,universal,1
200,wallet,1
200,clutch,1
200,smartphone,1
200,case,1
200,fits,1
200,oppo,1
200,mirror,1
200,5s,1
200,n1,1
200,miniblackred,2
201,nuvur,1
201,all,1
201,in,1
201,one,1
201,universal,1
201,wallet,1
201,clutch,1
201,smartphone,1
201,case,1
201,fits,1
201,oppo,1
201,mirror,1
201,5s,1
201,n1,1
201,miniblueblack,2
202,nuvur,1
202,all,1
202,in,1
202,one,1
202,universal,1
202,wallet,1
202,clutch,1
202,smartphone,1
202,case,1
202,fits,1
202,oppo,1
202,mirror,1
202,5s,1
202,n1,1
202,minigreen,2
203,nuvur,1
203,all,1
203,in,1
203,one,1
203,universal,1
203,wallet,1
203,clutch,1
203,smartphone,1
203,case,1
203,fits,1
203,oppo,1
203,mirror,1
203,5s,1
203,n1,1
203,minigreyblack,2
204,nuvur,1
204,all,1
204,in,1
204,one,1
204,universal,1
204,wallet,1
204,clutch,1
204,smartphone,1
204,case,1
204,fits,1
204,oppo,1
204,mirror,1
204,5s,1
204,n1,1
204,minibeigeblue,2
205,nuvur,1
205,all,1
205,in,1
205,one,1
205,universal,1
205,wallet,1
205,clutch,1
205,smartphone,1
205,case,1
205,fits,1
205,oppo,1
205,mirror,1
205,5s,1
205,n1,1
205,miniblackorange,2
206,nuvur,1
206,all,1
206,in,1
206,one,1
206,universal,1
206,wallet,1
206,clutch,1
206,smartphone,1
206,case,1
206,fits,1
206,oppo,1
206,mirror,1
206,5s,1
206,n1,1
206,miniblackpurple,2
207,nuvur,1
207,all,1
207,in,1
207,one,1
207,universal,1
207,wallet,1
207,clutch,1
207,smartphone,1
207,case,1
207,fits,1
207,oppo,1
207,mirror,1
207,5s,1
207,n1,1
207,minicoralmint,2
208,nuvur,1
208,all,1
208,in,1
208,one,1
208,universal,1
208,wallet,1
208,clutch,1
208,smartphone,1
208,case,1
208,fits,1
208,oppo,1
208,mirror,1
208,5s,1
208,n1,1
208,minimintpink,2
209,nuvur,1
209,all,1
209,in,1
209,one,1
209,universal,1
209,wallet,1
209,clutch,1
209,smartphone,1
209,case,1
209,fits,1
209,oppo,1
209,mirror,1
209,5s,1
209,n1,1
209,minipinkyellow,2
210,nuvur,1
210,all,1
210,in,1
210,one,1
210,universal,1
210,wallet,1
210,clutch,1
210,smartphone,1
210,case,1
210,fits,1
210,oppo,1
210,mirror,1
210,5s,1
210,n1,1
210,minipurpleblack,2
211,nuvur,1
211,all,1
211,in,1
211,one,1
211,universal,1
211,wallet,1
211,clutch,1
211,smartphone,1
211,case,1
211,fits,1
211,oppo,1
211,mirror,1
211,5s,1
211,n1,1
211,minitanbeige,2
212,nuvur,1
212,universal,1
212,wallet,1
212,clutch,1
212,wrislet,1
212,smartphone,1
212,case,1
212,fits,1
212,motorola,1
212,moto,1
212,e,1
212,dual,1
212,sim,1
212,2nd,1
212,genfuchsia,2
213,nuvur,1
213,universal,1
213,wallet,1
213,clutch,1
213,wrislet,1
213,smartphone,1
213,case,1
213,fits,1
213,motorola,1
213,moto,1
213,e,1
213,dual,1
213,sim,1
213,2nd,1
213,genpurple,2
214,nuvur,1
214,universal,1
214,wallet,1
214,clutch,1
214,wrislet,1
214,smartphone,1
214,case,1
214,fits,1
214,motorola,1
214,moto,1
214,e,1
214,dual,1
214,sim,1
214,2nd,1
214,genblack,2
215,nuvur,1
215,universal,1
215,wallet,1
215,clutch,1
215,wrislet,1
215,smartphone,1
215,case,1
215,fits,1
215,motorola,1
215,moto,1
215,e,1
215,dual,1
215,sim,1
215,2nd,1
215,genred,2
216,nuvur,1
216,universal,1
216,wallet,1
216,clutch,1
216,wrislet,1
216,smartphone,1
216,case,1
216,fits,1
216,motorola,1
216,moto,1
216,e,1
216,dual,1
216,sim,1
216,2nd,1
216,genbabyblue,2
217,nuvur,1
217,all,1
217,in,1
217,one,1
217,universal,1
217,wallet,1
217,clutch,1
217,smartphone,1
217,case,1
217,fits,1
217,blu,1
217,d560a,1
217,studio,1
217,50,1
217,s,1
217,dual,1
217,d560i,1
217,d570a,1
217,d570i,1
217,energy,1
217,x,1
217,plus,1
217,win,1
217,hd,1
217,ltemintpink,2
218,nuvur,1
218,all,1
218,in,1
218,one,1
218,universal,1
218,wallet,1
218,clutch,1
218,smartphone,1
218,case,1
218,fits,1
218,blu,1
218,d560a,1
218,studio,1
218,50,1
218,s,1
218,dual,1
218,d560i,1
218,d570a,1
218,d570i,1
218,energy,1
218,x,1
218,plus,1
218,win,1
218,hd,1
218,lteblackblue,2
219,nuvur,1
219,all,1
219,in,1
219,one,1
219,universal,1
219,wallet,1
219,clutch,1
219,smartphone,1
219,case,1
219,fits,1
219,blu,1
219,d560a,1
219,studio,1
219,50,1
219,s,1
219,dual,1
219,d560i,1
219,d570a,1
219,d570i,1
219,energy,1
219,x,1
219,plus,1
219,win,1
219,hd,1
219,lteblackgreen,2
220,nuvur,1
220,all,1
220,in,1
220,one,1
220,universal,1
220,wallet,1
220,clutch,1
220,smartphone,1
220,case,1
220,fits,1
220,blu,1
220,d560a,1
220,studio,1
220,50,1
220,s,1
220,dual,1
220,d560i,1
220,d570a,1
220,d570i,1
220,energy,1
220,x,1
220,plus,1
220,win,1
220,hd,1
220,lteblackred,2
221,nuvur,1
221,all,1
221,in,1
221,one,1
221,universal,1
221,wallet,1
221,clutch,1
221,smartphone,1
221,case,1
221,fits,1
221,blu,1
221,d560a,1
221,studio,1
221,50,1
221,s,1
221,dual,1
221,d560i,1
221,d570a,1
221,d570i,1
221,energy,1
221,x,1
221,plus,1
221,win,1
221,hd,1
221,lteblueblack,2
222,nuvur,1
222,all,1
222,in,1
222,one,1
222,universal,1
222,wallet,1
222,clutch,1
222,smartphone,1
222,case,1
222,fits,1
222,blu,1
222,d560a,1
222,studio,1
222,50,1
222,s,1
222,dual,1
222,d560i,1
222,d570a,1
222,d570i,1
222,energy,1
222,x,1
222,plus,1
222,win,1
222,hd,1
222,ltegreen,2
223,nuvur,1
223,all,1
223,in,1
223,one,1
223,universal,1
223,wallet,1
223,clutch,1
223,smartphone,1
223,case,1
223,fits,1
223,blu,1
223,d560a,1
223,studio,1
223,50,1
223,s,1
223,dual,1
223,d560i,1
223,d570a,1
223,d570i,1
223,energy,1
223,x,1
223,plus,1
223,win,1
223,hd,1
223,ltegreyblack,2
224,nuvur,1
224,all,1
224,in,1
224,one,1
224,universal,1
224,wallet,1
224,clutch,1
224,smartphone,1
224,case,1
224,fits,1
224,blu,1
224,d560a,1
224,studio,1
224,50,1
224,s,1
224,dual,1
224,d560i,1
224,d570a,1
224,d570i,1
224,energy,1
224,x,1
224,plus,1
224,win,1
224,hd,1
224,ltebeigeblue,2
225,nuvur,1
225,all,1
225,in,1
225,one,1
225,universal,1
225,wallet,1
225,clutch,1
225,smartphone,1
225,case,1
225,fits,1
225,blu,1
225,d560a,1
225,studio,1
225,50,1
225,s,1
225,dual,1
225,d560i,1
225,d570a,1
225,d570i,1
225,energy,1
225,x,1
225,plus,1
225,win,1
225,hd,1
225,lteblackorange,2
226,nuvur,1
226,all,1
226,in,1
226,one,1
226,universal,1
226,wallet,1
226,clutch,1
226,smartphone,1
226,case,1
226,fits,1
226,blu,1
226,d560a,1
226,studio,1
226,50,1
226,s,1
226,dual,1
226,d560i,1
226,d570a,1
226,d570i,1
226,energy,1
226,x,1
226,plus,1
226,win,1
226,hd,1
226,lteblackpurple,2
227,nuvur,1
227,all,1
227,in,1
227,one,1
227,universal,1
227,wallet,1
227,clutch,1
227,smartphone,1
227,case,1
227,fits,1
227,blu,1
227,d560a,1
227,studio,1
227,50,1
227,s,1
227,dual,1
227,d560i,1
227,d570a,1
227,d570i,1
227,energy,1
227,x,1
227,plus,1
227,win,1
227,hd,1
227,ltecoralmint,2
228,nuvur,1
228,all,1
228,in,1
228,one,1
228,universal,1
228,wallet,1
228,clutch,1
228,smartphone,1
228,case,1
228,fits,1
228,blu,1
228,d560a,1
228,studio,1
228,50,1
228,s,1
228,dual,1
228,d560i,1
228,d570a,1
228,d570i,1
228,energy,1
228,x,1
228,plus,1
228,win,1
228,hd,1
228,ltemintpink,2
229,nuvur,1
229,all,1
229,in,1
229,one,1
229,universal,1
229,wallet,1
229,clutch,1
229,smartphone,1
229,case,1
229,fits,1
229,blu,1
229,d560a,1
229,studio,1
229,50,1
229,s,1
229,dual,1
229,d560i,1
229,d570a,1
229,d570i,1
229,energy,1
229,x,1
229,plus,1
229,win,1
229,hd,1
229,ltepinkyellow,2
230,nuvur,1
230,all,1
230,in,1
230,one,1
230,universal,1
230,wallet,1
230,clutch,1
230,smartphone,1
230,case,1
230,fits,1
230,blu,1
230,d560a,1
230,studio,1
230,50,1
230,s,1
230,dual,1
230,d560i,1
230,d570a,1
230,d570i,1
230,energy,1
230,x,1
230,plus,1
230,win,1
230,hd,1
230,ltepurpleblack,2
231,nuvur,1
231,all,1
231,in,1
231,one,1
231,universal,1
231,wallet,1
231,clutch,1
231,smartphone,1
231,case,1
231,fits,1
231,blu,1
231,d560a,1
231,studio,1
231,50,1
231,s,1
231,dual,1
231,d560i,1
231,d570a,1
231,d570i,1
231,energy,1
231,x,1
231,plus,1
231,win,1
231,hd,1
231,ltetanbeige,2
232,iphone,1
232,7,1
232,case,1
232,caseology,1
232,parallax,1
232,series,1
232,modern,1
232,slim,1
232,geometric,1
232,design,1
232,burgundy,2
232,textured,1
232,grip,1
232,for,1
232,apple,1
232,iphone,1
232,7,1
232,2016,1
233,iphone,1
233,7,1
233,case,1
233,caseology,1
233,parallax,1
233,series,1
233,modern,1
233,slim,1
233,geometric,1
233,design,1
233,black,2
233,deep,2
233,blue,2
233,textured,1
233,grip,1
233,for,1
233,apple,1
233,iphone,1
233,7,1
233,2016,1
234,iphone,1
234,7,1
234,case,1
234,caseology,1
234,parallax,1
234,series,1
234,modern,1
234,slim,1
234,geometric,1
234,design,1
234,coral,2
234,pink,2
234,textured,1
234,grip,1
234,for,1
234,apple,1
234,iphone,1
234,7,1
234,2016,1
235,iphone,1
235,7,1
235,case,1
235,caseology,1
235,parallax,1
235,series,1
235,modern,1
235,slim,1
235,geometric,1
235,design,1
235,matte,2
235,black,2
235,textured,1
235,grip,1
235,for,1
235,apple,1
235,iphone,1
235,7,1
235,2016,1
236,iphone,1
236,7,1
236,case,1
236,caseology,1
236,parallax,1
236,series,1
236,modern,1
236,slim,1
236,geometric,1
236,design,1
236,mint,2
236,green,2
236,textured,1
236,grip,1
236,for,1
236,apple,1
236,iphone,1
236,7,1
236,2016,1
237,iphone,1
237,7,1
237,case,1
237,caseology,1
237,parallax,1
237,series,1
237,modern,1
237,slim,1
237,geometric,1
237,design,1
237,navy,2
237,blue,2
237,textured,1
237,grip,1
237,for,1
237,apple,1
237,iphone,1
237,7,1
237,2016,1
238,iphone,1
238,7,1
238,plus,1
238,case,1
238,caseology,1
238,parallax,1
238,series,1
238,modern,1
238,slim,1
238,geometric,1
238,design,1
238,burgundy,2
238,textured,1
238,grip,1
238,for,1
238,apple,1
238,iphone,1
238,7,1
238,plus,1
238,2016,1
239,iphone,1
239,7,1
239,plus,1
239,case,1
239,caseology,1
239,parallax,1
239,series,1
239,modern,1
239,slim,1
239,geometric,1
239,design,1
239,black,2
239,deep,2
239,blue,2
239,textured,1
239,grip,1
239,for,1
239,apple,1
239,iphone,1
239,7,1
239,plus,1
239,2016,1
240,iphone,1
240,7,1
240,plus,1
240,case,1
240,caseology,1
240,parallax,1
240,series,1
240,modern,1
240,slim,1
240,geometric,1
240,design,1
240,coral,2
240,pink,2
240,textured,1
240,grip,1
240,for,1
240,apple,1
240,iphone,1
240,7,1
240,plus,1
240,2016,1
241,iphone,1
241,7,1
241,plus,1
241,case,1
241,caseology,1
241,parallax,1
241,series,1
241,modern,1
241,slim,1
241,geometric,1
241,design,1
241,matte,2
241,black,2
241,textured,1
241,grip,1
241,for,1
241,apple,1
241,iphone,1
241,7,1
241,plus,1
241,2016,1
242,iphone,1
242,7,1
242,plus,1
242,case,1
242,caseology,1
242,parallax,1
242,series,1
242,modern,1
242,slim,1
242,geometric,1
242,design,1
242,mint,2
242,green,2
242,textured,1
242,grip,1
242,for,1
242,apple,1
242,iphone,1
242,7,1
242,plus,1
242,2016,1
243,iphone,1
243,7,1
243,plus,1
243,case,1
243,caseology,1
243,parallax,1
243,series,1
243,modern,1
243,slim,1
243,geometric,1
243,design,1
243,navy,2
243,blue,2
243,textured,1
243,grip,1
243,for,1
243,apple,1
243,iphone,1
243,7,1
243,plus,1
243,2016,1
244,iphone,1
244,6s,1
244,case,1
244,caseology,1
244,parallax,1
244,series,1
244,wavelength,1
244,dia,1
244,textured,1
244,pattern,1
244,grip,1
244,case,1
244,burgundy,2
244,shock,1
244,proof,1
244,for,1
244,apple,1
244,iphone,1
244,6s,1
244,2015,1
244,burgundy,2
245,iphone,1
245,6s,1
245,case,1
245,caseology,1
245,parallax,1
245,series,1
245,wavelength,1
245,dia,1
245,textured,1
245,pattern,1
245,grip,1
245,case,1
245,black,2
245,black,2
245,shock,1
245,proof,1
245,for,1
245,apple,1
245,iphone,1
245,6s,1
245,2015,1
245,black,2
245,black,2
246,iphone,1
246,6s,1
246,case,1
246,caseology,1
246,parallax,1
246,series,1
246,wavelength,1
246,dia,1
246,textured,1
246,pattern,1
246,grip,1
246,case,1
246,black,2
246,gold,2
246,shock,1
246,proof,1
246,for,1
246,apple,1
246,iphone,1
246,6s,1
246,2015,1
246,black,2
246,gold,2
247,iphone,1
247,6s,1
247,case,1
247,caseology,1
247,parallax,1
247,series,1
247,wavelength,1
247,dia,1
247,textured,1
247,pattern,1
247,grip,1
247,case,1
247,coral,2
247,pink,2
247,shock,1
247,proof,1
247,for,1
247,apple,1
247,iphone,1
247,6s,1
247,2015,1
247,coral,2
247,pink,2
248,iphone,1
248,6s,1
248,case,1
248,caseology,1
248,parallax,1
248,series,1
248,wavelength,1
248,dia,1
248,textured,1
248,pattern,1
248,grip,1
248,case,1
248,mint,2
248,green,2
248,shock,1
248,proof,1
248,for,1
248,apple,1
248,iphone,1
248,6s,1
248,2015,1
248,mint,2
248,green,2
249,iphone,1
249,6s,1
249,case,1
249,caseology,1
249,parallax,1
249,series,1
249,wavelength,1
249,dia,1
249,textured,1
249,pattern,1
249,grip,1
249,case,1
249,navy,2
249,blue,2
249,shock,1
249,proof,1
249,for,1
249,apple,1
249,iphone,1
249,6s,1
249,2015,1
249,navy,2
249,blue,2
250,iphone,1
250,7,1
250,case,1
250,caseology,1
250,skyfall,1
250,series,1
250,transparent,1
250,clear,1
250,enhanced,1
250,grip,1
250,rose,2
250,gold,2
250,slim,1
250,cushion,1
250,for,1
250,apple,1
250,iphone,1
250,7,1
250,2016,1
251,iphone,1
251,7,1
251,case,1
251,caseology,1
251,skyfall,1
251,series,1
251,transparent,1
251,clear,1
251,enhanced,1
251,grip,1
251,gold,2
251,slim,1
251,cushion,1
251,for,1
251,apple,1
251,iphone,1
251,7,1
251,2016,1
252,iphone,1
252,7,1
252,case,1
252,caseology,1
252,skyfall,1
252,series,1
252,transparent,1
252,clear,1
252,enhanced,1
252,grip,1
252,jet,2
252,black,2
252,slim,1
252,cushion,1
252,for,1
252,apple,1
252,iphone,1
252,7,1
252,2016,1
253,iphone,1
253,7,1
253,case,1
253,caseology,1
253,skyfall,1
253,series,1
253,transparent,1
253,clear,1
253,enhanced,1
253,grip,1
253,silver,2
253,slim,1
253,cushion,1
253,for,1
253,apple,1
253,iphone,1
253,7,1
253,2016,1
254,iphone,1
254,7,1
254,case,1
254,caseology,1
254,skyfall,1
254,series,1
254,transparent,1
254,clear,1
254,enhanced,1
254,grip,1
254,deep,2
254,blue,2
254,slim,1
254,cushion,1
254,for,1
254,apple,1
254,iphone,1
254,7,1
254,2016,1
255,iphone,1
255,7,1
255,case,1
255,caseology,1
255,skyfall,1
255,series,1
255,transparent,1
255,clear,1
255,enhanced,1
255,grip,1
255,matte,2
255,black,2
255,slim,1
255,cushion,1
255,for,1
255,apple,1
255,iphone,1
255,7,1
255,2016,1
256,iphone,1
256,7,1
256,plus,1
256,case,1
256,caseology,1
256,skyfall,1
256,series,1
256,transparent,1
256,clear,1
256,enhanced,1
256,grip,1
256,rose,2
256,gold,2
256,slim,1
256,cushion,1
256,for,1
256,apple,1
256,iphone,1
256,7,1
256,plus,1
256,2016,1
257,iphone,1
257,7,1
257,plus,1
257,case,1
257,caseology,1
257,skyfall,1
257,series,1
257,transparent,1
257,clear,1
257,enhanced,1
257,grip,1
257,gold,2
257,slim,1
257,cushion,1
257,for,1
257,apple,1
257,iphone,1
257,7,1
257,plus,1
257,2016,1
258,iphone,1
258,7,1
258,plus,1
258,case,1
258,caseology,1
258,skyfall,1
258,series,1
258,transparent,1
258,clear,1
258,enhanced,1
258,grip,1
258,jet,2
258,black,2
258,slim,1
258,cushion,1
258,for,1
258,apple,1
258,iphone,1
258,7,1
258,plus,1
258,2016,1
259,iphone,1
259,7,1
259,plus,1
259,case,1
259,caseology,1
259,skyfall,1
259,series,1
259,transparent,1
259,clear,1
259,enhanced,1
259,grip,1
259,silver,2
259,slim,1
259,cushion,1
259,for,1
259,apple,1
259,iphone,1
259,7,1
259,plus,1
259,2016,1
260,iphone,1
260,7,1
260,plus,1
260,case,1
260,caseology,1
260,skyfall,1
260,series,1
260,transparent,1
260,clear,1
260,enhanced,1
260,grip,1
260,deep,2
260,blue,2
260,slim,1
260,cushion,1
260,for,1
260,apple,1
260,iphone,1
260,7,1
260,plus,1
260,2016,1
261,iphone,1
261,7,1
261,plus,1
261,case,1
261,caseology,1
261,skyfall,1
261,series,1
261,transparent,1
261,clear,1
261,enhanced,1
261,grip,1
261,matte,2
261,black,2
261,slim,1
261,cushion,1
261,for,1
261,apple,1
261,iphone,1
261,7,1
261,plus,1
261,2016,1
262,iphone,1
262,6s,1
262,plus,1
262,case,1
262,caseology,1
262,skyfall,1
262,series,1
262,transparent,1
262,clear,1
262,enhanced,1
262,grip,1
262,gold,2
262,slim,1
262,cushion,1
262,for,1
262,apple,1
262,iphone,1
262,6s,1
262,plus,1
262,iphone,1
262,6,1
262,plus,1
263,iphone,1
263,6s,1
263,plus,1
263,case,1
263,caseology,1
263,skyfall,1
263,series,1
263,transparent,1
263,clear,1
263,enhanced,1
263,grip,1
263,silver,2
263,slim,1
263,cushion,1
263,for,1
263,apple,1
263,iphone,1
263,6s,1
263,plus,1
263,iphone,1
263,6,1
263,plus,1
264,iphone,1
264,6s,1
264,plus,1
264,case,1
264,caseology,1
264,skyfall,1
264,series,1
264,scratchresistant,1
264,clear,1
264,back,1
264,cover,1
264,black,2
264,shock,1
264,absorbent,1
264,for,1
264,apple,1
264,iphone,1
264,6s,1
264,plus,1
264,2015,1
264,iphone,1
264,6,1
264,plus,1
264,2014,1
264,black,2
265,iphone,1
265,6s,1
265,plus,1
265,case,1
265,caseology,1
265,skyfall,1
265,series,1
265,transparent,1
265,clear,1
265,enhanced,1
265,grip,1
265,rose,2
265,gold,2
265,slim,1
265,cushion,1
265,for,1
265,apple,1
265,iphone,1
265,6s,1
265,plus,1
265,iphone,1
265,6,1
265,plus,1
266,iphone,1
266,7,1
266,case,1
266,caseology,1
266,wavelength,1
266,series,1
266,slim,1
266,ergonomic,1
266,ripple,1
266,design,1
266,burgundy,2
266,modern,1
266,grip,1
266,for,1
266,apple,1
266,iphone,1
266,7,1
266,2016,1
267,iphone,1
267,7,1
267,case,1
267,caseology,1
267,wavelength,1
267,series,1
267,slim,1
267,ergonomic,1
267,ripple,1
267,design,1
267,black,2
267,deep,2
267,blue,2
267,modern,1
267,grip,1
267,for,1
267,apple,1
267,iphone,1
267,7,1
267,2016,1
268,iphone,1
268,7,1
268,case,1
268,caseology,1
268,wavelength,1
268,series,1
268,slim,1
268,ergonomic,1
268,ripple,1
268,design,1
268,black,2
268,gold,2
268,modern,1
268,grip,1
268,for,1
268,apple,1
268,iphone,1
268,7,1
268,2016,1
269,iphone,1
269,7,1
269,case,1
269,caseology,1
269,wavelength,1
269,series,1
269,slim,1
269,ergonomic,1
269,ripple,1
269,design,1
269,coral,2
269,pink,2
269,modern,1
269,grip,1
269,for,1
269,apple,1
269,iphone,1
269,7,1
269,2016,1
270,iphone,1
270,7,1
270,case,1
270,caseology,1
270,wavelength,1
270,series,1
270,slim,1
270,ergonomic,1
270,ripple,1
270,design,1
270,matte,2
270,black,2
270,modern,1
270,grip,1
270,for,1
270,apple,1
270,iphone,1
270,7,1
270,2016,1
271,iphone,1
271,7,1
271,case,1
271,caseology,1
271,wavelength,1
271,series,1
271,slim,1
271,ergonomic,1
271,ripple,1
271,design,1
271,mint,2
271,green,2
271,modern,1
271,grip,1
271,for,1
271,apple,1
271,iphone,1
271,7,1
271,2016,1
272,iphone,1
272,7,1
272,case,1
272,caseology,1
272,wavelength,1
272,series,1
272,slim,1
272,ergonomic,1
272,ripple,1
272,design,1
272,navy,2
272,blue,2
272,modern,1
272,grip,1
272,for,1
272,apple,1
272,iphone,1
272,7,1
272,2016,1
273,iphone,1
273,6s,1
273,plus,1
273,case,1
273,caseology,1
273,wavelength,1
273,series,1
273,textured,1
273,pattern,1
273,grip,1
273,cover,1
273,navy,2
273,blue,2
273,shock,1
273,proof,1
273,for,1
273,apple,1
273,iphone,1
273,6s,1
273,plus,1
273,2015,1
273,iphone,1
273,6,1
273,plus,1
273,2014,1
273,navy,2
273,blue,2
274,iphone,1
274,6s,1
274,plus,1
274,case,1
274,caseology,1
274,wavelength,1
274,series,1
274,slim,1
274,ergonomic,1
274,ripple,1
274,design,1
274,black,2
274,black,2
274,modern,1
274,grip,1
274,for,1
274,apple,1
274,iphone,1
274,6s,1
274,plus,1
274,iphone,1
274,6,1
274,plus,1
275,iphone,1
275,6s,1
275,plus,1
275,case,1
275,caseology,1
275,wavelength,1
275,series,1
275,slim,1
275,ergonomic,1
275,ripple,1
275,design,1
275,pink,2
275,modern,1
275,grip,1
275,for,1
275,apple,1
275,iphone,1
275,6s,1
275,plus,1
275,iphone,1
275,6,1
275,plus,1
276,iphone,1
276,6s,1
276,plus,1
276,case,1
276,caseology,1
276,wavelength,1
276,series,1
276,slim,1
276,ergonomic,1
276,ripple,1
276,design,1
276,mint,2
276,green,2
276,modern,1
276,grip,1
276,for,1
276,apple,1
276,iphone,1
276,6s,1
276,plus,1
276,iphone,1
276,6,1
276,plus,1
277,iphone,1
277,7,1
277,plus,1
277,case,1
277,shieldon,1
277,genuine,1
277,leather,1
277,iphone,1
277,7,1
277,plus,1
277,wallet,1
277,case,1
277,book,1
277,design,1
277,with,1
277,flip,1
277,cover,1
277,and,1
277,stand,1
277,credit,1
277,card,1
277,slot,1
277,magnetic,1
277,closure,1
277,cover,1
277,case,1
277,for,1
277,apple,1
277,iphone,1
277,7,1
277,plus,1
277,black,2
278,iphone,1
278,7,1
278,plus,1
278,case,1
278,shieldon,1
278,genuine,1
278,leather,1
278,iphone,1
278,7,1
278,plus,1
278,wallet,1
278,case,1
278,book,1
278,design,1
278,with,1
278,flip,1
278,cover,1
278,and,1
278,stand,1
278,credit,1
278,card,1
278,slot,1
278,magnetic,1
278,closure,1
278,cover,1
278,case,1
278,for,1
278,apple,1
278,iphone,1
278,7,1
278,plus,1
278,brown,2
279,iphone,1
279,7,1
279,plus,1
279,case,1
279,shieldon,1
279,genuine,1
279,iphone,1
279,7,1
279,plus,1
279,leather,1
279,case,1
279,wallet,1
279,flip,1
279,book,1
279,design,1
279,with,1
279,credit,1
279,card,1
279,holder,1
279,and,1
279,kicktand,1
279,magnetic,1
279,closure,1
279,cover,1
279,case,1
279,for,1
279,apple,1
279,iphone,1
279,7,1
279,plus,1
279,black,2
280,iphone,1
280,7,1
280,plus,1
280,case,1
280,shieldon,1
280,genuine,1
280,iphone,1
280,7,1
280,plus,1
280,leather,1
280,case,1
280,wallet,1
280,flip,1
280,book,1
280,design,1
280,with,1
280,credit,1
280,card,1
280,holder,1
280,and,1
280,kicktand,1
280,magnetic,1
280,closure,1
280,cover,1
280,case,1
280,for,1
280,apple,1
280,iphone,1
280,7,1
280,plus,1
280,brown,2
281,iphone,1
281,7,1
281,case,1
281,shieldon,1
281,genuine,1
281,leather,1
281,iphone,1
281,7,1
281,wallet,1
281,case,1
281,premium,1
281,card,1
281,slot,1
281,heavy,1
281,duty,1
281,protection,1
281,magnetic,1
281,closure,1
281,protective,1
281,stand,1
281,flip,1
281,cover,1
281,case,1
281,for,1
281,apple,1
281,iphone,1
281,7,1
281,black,2
282,iphone,1
282,7,1
282,case,1
282,shieldon,1
282,genuine,1
282,leather,1
282,iphone,1
282,7,1
282,wallet,1
282,case,1
282,premium,1
282,card,1
282,slot,1
282,heavy,1
282,duty,1
282,protection,1
282,magnetic,1
282,closure,1
282,protective,1
282,stand,1
282,flip,1
282,cover,1
282,case,1
282,for,1
282,apple,1
282,iphone,1
282,7,1
282,brown,2
